planet,column,level_index,z_m,pressure_bar,temperature_k,H2O_x,CH4_x,CO2_x
Earth,equator,0,0.0,0.9129311303819688,322.7388091776794,0.10340372486008302,0.006100151163604811,0.4032822650019698
Earth,equator,1,604.1615099455407,0.8551992187930857,317.71802693480805,0.10340372486008302,0.006100151163604811,0.4032822650019698
Earth,equator,2,1198.9242017300744,0.8011181561070241,312.77535198369554,0.09335957108665335,0.006100151163604811,0.4032822650019698
Earth,equator,3,1787.4977627921032,0.750457070049778,311.1570808706018,0.09135506666261908,0.006100151163604811,0.4032822650019698
Earth,equator,4,2373.0261555819734,0.702999688241318,309.5472435972601,0.0893420891924595,0.006100151163604811,0.4032822650019698
Earth,equator,5,2955.5249411959185,0.658543414927931,307.94546842158877,0.08732124699339838,0.006100151163604811,0.4032822650019698
Earth,equator,6,3535.0089717686064,0.6168984661001333,306.3513755328509,0.0852931637158106,0.006100151163604811,0.4032822650019698
Earth,equator,7,4111.4923743224645,0.5778870593039719,304.7645760680487,0.08325847908161942,0.006100151163604811,0.4032822650019698
Earth,equator,8,4684.988532680711,0.5413426546870127,303.1846710428723,0.08121784971289486,0.006100151163604811,0.4032822650019698
Earth,equator,9,5255.510067273308,0.5071092440390421,301.6112501871195,0.07917195006031934,0.006100151163604811,0.4032822650019698
Earth,equator,10,5823.068812644903,0.4750406847923899,300.0438906731957,0.07712147344242662,0.006100151163604811,0.4032822650019698
Earth,equator,11,6387.675792450857,0.4450000761387205,298.4821557248016,0.07506713320786608,0.006100151163604811,0.4032822650019698
Earth,equator,12,6949.34119170154,0.4168591745989319,296.92559309119764,0.07300966403454726,0.006100151163604811,0.4032822650019698
Earth,equator,13,7508.074325985626,0.39049784655122793,295.3737333704578,0.07094982338129388,0.006100151163604811,0.4032822650019698
Earth,equator,14,8063.8836073697175,0.36580355538020354,293.82608816285654,0.06888839310971756,0.006100151163604811,0.4032822650019698
Earth,equator,15,8616.776506633527,0.34267088105758176,292.2821480329217,0.06682618129634815,0.006100151163604811,0.4032822650019698
Earth,equator,16,9166.759511456588,0.3210010701036889,290.74138025567856,0.06476402425776642,0.006100151163604811,0.4032822650019698
Earth,equator,17,9713.838080122974,0.3007016140084528,289.20322631915144,0.06270278881454533,0.006100151163604811,0.4032822650019698
Earth,equator,18,10258.016590254028,0.28168585431220167,287.66709915120094,0.06064337482333152,0.006100151163604811,0.4032822650019698
Earth,equator,19,10799.298282014628,0.2638726126603511,286.1323800341847,0.058586718010415144,0.006100151163604811,0.4032822650019698
Earth,equator,20,11337.68519516452,0.24718584425268256,284.5984151656449,0.05653379314470785,0.006100151163604811,0.4032822650019698
Earth,equator,21,11873.178099241817,0.23155431320778486,283.06451181715386,0.05448561759327163,0.006100151163604811,0.4032822650019698
Earth,equator,22,12405.776416068726,0.2169112884567905,281.52993403648037,0.05244325530845137,0.006100151163604811,0.4032822650019698
Earth,equator,23,12935.478133658695,0.20319425886817447,279.99389783027084,0.05040782130233171,0.006100151163604811,0.4032822650019698
Earth,equator,24,13462.279710477082,0.19034466638748215,278.4555657553625,0.04838048667174246,0.006100151163604811,0.4032822650019698
Earth,equator,25,13986.175968862104,0.17830765605275975,276.9140408365685,0.046362484245349264,0.006100151163604811,0.4032822650019698
Earth,equator,26,14507.159976247003,0.16703184181850103,275.3683597172398,0.044355114933521025,0.006100151163604811,0.4032822650019698
Earth,equator,27,15025.222912635447,0.15646908718841257,273.8174849361115,0.04235975487152761,0.006100151163604811,0.4032822650019698
Earth,equator,28,15540.353922568165,0.1465742997205176,272.2602962099902,0.04037786345697439,0.006100151163604811,0.4032822650019698
Earth,equator,29,16052.53994957759,0.1373052385273399,270.6955805870101,0.0384109923928321,0.006100151163604811,0.4032822650019698
Earth,equator,30,16561.765550857715,0.12862233394938524,269.12202132004586,0.03646079585723438,0.006100151163604811,0.4032822650019698
Earth,equator,31,17068.012689579075,0.12048851863210622,267.53818529541155,0.03452904192922796,0.006100151163604811,0.4032822650019698
Earth,midlatitude,0,0.0,0.9129311303819688,312.5167776866681,0.060998232240471816,0.006100151163604811,0.4032822650019698
Earth,midlatitude,1,585.0260424879524,0.8551992187930857,307.65501751593894,0.060998232240471816,0.006100151163604811,0.4032822650019698
Earth,midlatitude,2,1160.95095340383,0.8011181561070241,302.8688907628223,0.05389480152284572,0.006100151163604811,0.4032822650019698
Earth,midlatitude,3,1730.6829270689682,0.750457070049778,301.09003624427663,0.051900922671885626,0.006100151163604811,0.4032822650019698
Earth,midlatitude,4,2297.0590309137083,0.702999688241318,299.3114152662928,0.04991194307429192,0.006100151163604811,0.4032822650019698
Earth,midlatitude,5,2860.0788209883067,0.658543414927931,297.53209012748687,0.047929122141217424,0.006100151163604811,0.4032822650019698
Earth,midlatitude,6,3419.740027434261,0.6168984661001333,295.75106292803014,0.04595378471702233,0.006100151163604811,0.4032822650019698
Earth,midlatitude,7,3976.0384345621733,0.5778870593039719,293.9672688400346,0.04398732720005981,0.006100151163604811,0.4032822650019698
Earth,midlatitude,8,4528.967747486665,0.5413426546870127,292.1795685865874,0.042031224378943605,0.006100151163604811,0.4032822650019698
Earth,midlatitude,9,5078.519443734998,0.5071092440390421,290.386740033743,0.04008703706298288,0.006100151163604811,0.4032822650019698
Earth,midlatitude,10,5624.6826080581395,0.4750406847923899,288.5874687918308,0.03815642059009895,0.006100151163604811,0.4032822650019698
Earth,midlatitude,11,6167.443748471295,0.4450000761387205,286.7803377159844,0.036241134298118226,0.006100151163604811,0.4032822650019698
Earth,midlatitude,12,6706.7865913399855,0.4168591745989319,284.9638151922878,0.03434305204441707,0.006100151163604811,0.4032822650019698
Earth,midlatitude,13,7242.691853114847,0.39049784655122793,283.136242097528,0.03246417385233439,0.006100151163604811,0.4032822650019698
Earth,midlatitude,14,7775.136986116467,0.36580355538020354,281.29581733050264,0.030606638747429124,0.006100151163604811,0.4032822650019698
Earth,midlatitude,15,8304.095895600785,0.34267088105758176,279.4405818359639,0.028772738818071606,0.006100151163604811,0.4032822650019698
Earth,midlatitude,16,8829.538625227633,0.3210010701036889,277.56840108559607,0.026964934486517125,0.006100151163604811,0.4032822650019698
Earth,midlatitude,17,9351.431008057221,0.3007016140084528,275.676946054069,0.025185870899480562,0.006100151163604811,0.4032822650019698
Earth,midlatitude,18,9869.734280382903,0.28168585431220167,273.7636728466253,0.02343839522856785,0.006100151163604811,0.4032822650019698
Earth,midlatitude,19,10384.40465617682,0.2638726126603511,271.8258013181683,0.021725574493329874,0.006100151163604811,0.4032822650019698
Earth,midlatitude,20,10895.39286082736,0.24718584425268256,269.86029330044704,0.020050713259764288,0.006100151163604811,0.4032822650019698
Earth,midlatitude,21,11402.64362439517,0.23155431320778486,267.8638314614352,0.018417370194271324,0.006100151163604811,0.4032822650019698
Earth,midlatitude,22,11906.095137100561,0.2169112884567905,265.8328004084166,0.01682937192923331,0.006100151163604811,0.4032822650019698
Earth,midlatitude,23,12405.678473576465,0.20319425886817447,263.76327247401423,0.015290821977213251,0.006100151163604811,0.4032822650019698
Earth,midlatitude,24,12901.316998094557,0.19034466638748215,261.6510017602581,0.013806101470982594,0.006100151163604811,0.4032822650019698
Earth,midlatitude,25,13392.925771138767,0.17830765605275975,259.49143152288553,0.012379857272994118,0.006100151163604811,0.4032822650019698
Earth,midlatitude,26,13880.41098908973,0.16703184181850103,257.2797218871077,0.011016971495475295,0.006100151163604811,0.4032822650019698
Earth,midlatitude,27,14363.669504101154,0.15646908718841257,255.0108071413521,0.009722504791470944,0.006100151163604811,0.4032822650019698
Earth,midlatitude,28,14842.588490925944,0.1465742997205176,252.67949422136175,0.008501604169593653,0.006100151163604811,0.4032822650019698
Earth,midlatitude,29,15317.04535116845,0.1373052385273399,250.28061591569502,0.007359365069957617,0.006100151163604811,0.4032822650019698
Earth,midlatitude,30,15786.907971356763,0.12862233394938524,247.80925273624263,0.006300637918043164,0.006100151163604811,0.4032822650019698
Earth,midlatitude,31,16252.035474894321,0.12048851863210622,245.26103459705175,0.005329772690795428,0.006100151163604811,0.4032822650019698
Earth,pole,0,0.0,0.9129311303819688,283.83293432430605,0.010853660998316717,0.006100151163604811,0.4032822650019698
Earth,pole,1,531.3303801627394,0.8551992187930857,279.4174028912301,0.010853660998316717,0.006100151163604811,0.4032822650019698
Earth,pole,2,1054.3949612893593,0.8011181561070241,275.07056298573497,0.00905331682485676,0.006100151163604811,0.4032822650019698
Earth,pole,3,1570.7776474422776,0.750457070049778,272.3340894996192,0.007929032195638471,0.006100151163604811,0.4032822650019698
Earth,pole,4,2081.9385437744195,0.702999688241318,269.5350713458254,0.0068808046207814106,0.006100151163604811,0.4032822650019698
Earth,pole,5,2587.7566163377796,0.658543414927931,266.67029273247994,0.0059122278876922695,0.006100151163604811,0.4032822650019698
Earth,pole,6,3088.1055075846166,0.6168984661001333,263.7373260336094,0.005026238193168539,0.006100151163604811,0.4032822650019698
Earth,pole,7,3582.855305225187,0.5778870593039719,260.7348305801665,0.004224873726302411,0.006100151163604811,0.4032822650019698
Earth,pole,8,4071.8748863752726,0.5413426546870127,257.6628637196068,0.0035090297991229253,0.006100151163604811,0.4032822650019698
Earth,pole,9,4555.034825667208,0.5071092440390421,254.52316760024303,0.0028782390717639133,0.006100151163604811,0.4032822650019698
Earth,pole,10,5032.210775656849,0.4750406847923899,251.31938305625948,0.0023305143105451904,0.006100151163604811,0.4032822650019698
Earth,pole,11,5503.287131834223,0.4450000761387205,248.05713742409347,0.001862292556851742,0.006100151163604811,0.4032822650019698
Earth,pole,12,5968.1607025665735,0.4168591745989319,244.74396195476868,0.0014685107314805768,0.006100151163604811,0.4032822650019698
Earth,pole,13,6426.744044158519,0.39049784655122793,241.38901940040708,0.001142822493288693,0.006100151163604811,0.4032822650019698
Earth,pole,14,6878.968119634392,0.36580355538020354,238.00265952213815,0.0008779384193073051,0.006100151163604811,0.4032822650019698
Earth,pole,15,7324.78400962358,0.34267088105758176,234.59585873978415,0.0006660447450564221,0.006100151163604811,0.4032822650019698
Earth,pole,16,7764.1635341344445,0.3210010701036889,231.17962594179323,0.0004992397033351059,0.006100151163604811,0.4032822650019698
Earth,pole,17,8197.098801882843,0.3007016140084528,227.7644598021757,0.00036992682041918086,0.006100151163604811,0.4032822650019698
Earth,pole,18,8623.600846673578,0.28168585431220167,224.35992367072046,0.0002711202403874379,0.006100151163604811,0.4032822650019698
Earth,pole,19,9043.697604084895,0.2638726126603511,220.9743713541625,0.0001966410986789248,0.006100151163604811,0.4032822650019698
Earth,pole,20,9457.43151297656,0.24718584425268256,217.61482361970008,0.00014120725420605136,0.006100151163604811,0.4032822650019698
Earth,pole,21,9864.857002988716,0.23155431320778486,214.2869708330562,0.00010043497424584011,0.006100151163604811,0.4032822650019698
Earth,pole,22,10266.038071780906,0.2169112884567905,210.99526545179324,7.077846543157427e-05,0.006100151163604811,0.4032822650019698
Earth,pole,23,10661.04608669916,0.20319425886817447,207.74306744270615,4.9432983816795246e-05,0.006100151163604811,0.4032822650019698
Earth,pole,24,11049.957881692211,0.19034466638748215,204.53281185077955,3.4222671229522694e-05,0.006100151163604811,0.4032822650019698
Earth,pole,25,11432.854170504326,0.17830765605275975,201.3661765073589,2.348811365094593e-05,0.006100151163604811,0.4032822650019698
Earth,pole,26,11809.818263628948,0.16703184181850103,198.24423633137133,1.5982800762800825e-05,0.006100151163604811,0.4032822650019698
Earth,pole,27,12180.935057321194,0.15646908718841257,195.16759743104623,1.07830792020757e-05,0.006100151163604811,0.4032822650019698
Earth,pole,28,12546.290254585434,0.1465742997205176,192.1365089133014,7.213021467162234e-06,0.006100151163604811,0.4032822650019698
Earth,pole,29,12905.969776828186,0.1373052385273399,189.1509531939891,4.783692174973961e-06,0.006100151163604811,0.4032822650019698
Earth,pole,30,13260.059327798663,0.12862233394938524,186.21071712407624,3.1452709895815e-06,0.006100151163604811,0.4032822650019698
Earth,pole,31,13608.644076379456,0.12048851863210622,183.31544685357596,2.050082428888088e-06,0.006100151163604811,0.4032822650019698
Mars,equator,0,0.0,1.6682095368166892,222.48846805599453,1.361987378300398e-05,0.008583057069576535,0.7773344998694419
Mars,equator,1,758.4680538674575,1.5664233214869467,219.16968333777308,1.361987378300398e-05,0.008583057069576535,0.7773344998694419
Mars,equator,2,1505.6222980420862,1.4708476171286993,215.90040380111066,1.361987378300398e-05,0.008583057069576535,0.7773344998694419
Mars,equator,3,2241.6314967705976,1.3811034878870072,212.679890994071,1.361987378300398e-05,0.008583057069576535,0.7773344998694419
Mars,equator,4,2966.6618969009014,1.2968351187713518,209.50741747995394,9.755606911849221e-06,0.008583057069576535,0.7773344998694419
Mars,equator,5,3680.8842039337355,1.2177084049304046,206.38630698195482,6.873087445471923e-06,0.008583057069576535,0.7773344998694419
Mars,equator,6,4384.464617184424,1.1434096270025436,203.31061181202443,4.806803863045133e-06,0.008583057069576535,0.7773344998694419
Mars,equator,7,5077.558485353657,1.0736442072901815,200.2799613137779,3.33687808987869e-06,0.008583057069576535,0.7773344998694419
Mars,equator,8,5760.319760178726,1.008135541826427,197.29391268775905,2.299178048475207e-06,0.008583057069576535,0.7773344998694419
Mars,equator,9,6432.900781773153,0.9466239037034836,194.35197028022134,1.572241183881306e-06,0.008583057069576535,0.7773344998694419
Mars,equator,10,7095.452123134481,0.8888654133147358,191.45360074814118,1.066948732633888e-06,0.008583057069576535,0.7773344998694419
Mars,equator,11,7748.122480924424,0.8346310714277694,188.59824483873743,7.184676549029947e-07,0.008583057069576535,0.7472216700528908
Mars,equator,12,8394.597484737693,0.7837058512546781,187.8460281277577,6.7644567042796e-07,0.008583057069576535,0.7461784608942285
Mars,equator,13,9038.499112154745,0.7358878459199241,187.09976028661978,6.368401733434385e-07,0.008583057069576535,0.74513492328049
Mars,equator,14,9679.847674645125,0.6909874679456574,186.35937100337247,5.995151229887451e-07,0.008583057069576535,0.7440910612445236
Mars,equator,15,10318.66324407664,0.6488266975806342,185.6247910691732,5.643419312233308e-07,0.008583057069576535,0.7430468787823459
Mars,equator,16,10954.965656467131,0.6092383769925322,184.89595235674432,5.311990686981862e-07,0.008583057069576535,0.7420023798537047
Mars,equator,17,11588.774515663123,0.5720655475252955,184.17278779933199,4.999716909045188e-07,0.008583057069576535,0.7409575683825916
Mars,equator,18,12220.109196947038,0.5371608273938849,183.45523137015448,4.705512830786924e-07,0.008583057069576535,0.7399124482577776
Mars,equator,19,12848.988850574675,0.5043858273491365,182.7432180623263,4.4283532307995164e-07,0.008583057069576535,0.7388670233333124
Mars,equator,20,13475.43240524447,0.4736106019959733,182.03668386924548,4.167269613942749e-07,0.008583057069576535,0.7378212974290355
Mars,equator,21,14099.458571500216,0.4447131345895703,181.3355657654316,3.9213471745284326e-07,0.008583057069576535,0.7367752743310604
Mars,equator,22,14721.085845068717,0.41757885326680816,180.63980168780253,3.689721914881327e-07,0.008583057069576535,0.7357289577922519
Mars,equator,23,15340.332510133845,0.392100176794985,179.9493305173782,3.4715779118353947e-07,0.008583057069576535,0.7346823515327038
Mars,equator,24,15957.216642548476,0.3681760880367813,179.26409206140005,3.266144724045616e-07,0.008583057069576535,0.733635459240197
Mars,equator,25,16571.75611298574,0.34571173344036465,178.5840270358552,3.0726949333041796e-07,0.008583057069576535,0.7325882845706515
Mars,equator,26,17183.96859003087,0.3246180469667054,177.9090770483948,2.8905418133473285e-07,0.008583057069576535,0.73154083114857
Mars,equator,27,17793.871543215082,0.3048113969630588,177.23918458163604,2.7190371199268773e-07,0.008583057069576535,0.7304931025674745
Mars,equator,28,18401.482245992745,0.28621325458254887,176.57429297683788,2.5575689961962306e-07,0.008583057069576535,0.7294451023903277
Mars,equator,29,19006.81777866309,0.2687498824352123,175.91434641794103,2.405559987728199e-07,0.008583057069576535,0.7283968341499604
Mars,equator,30,19609.8950312377,0.25235204223607705,175.2592899159622,2.2624651617371036e-07,0.008583057069576535,0.7273483013494757
Mars,equator,31,20210.730706255028,0.23695472029116352,174.60906929373397,2.1277703253246284e-07,0.008583057069576535,0.7262995074626458
Mars,midlatitude,0,0.0,1.6682095368166892,217.07202238220214,7.208831273568793e-06,0.008583057069576535,0.7773344998694419
Mars,midlatitude,1,740.0032720970771,1.5664233214869467,213.83403293973734,7.208831273568793e-06,0.008583057069576535,0.7773344998694419
Mars,midlatitude,2,1468.9681673635334,1.4708476171286993,210.64434348321478,7.208831273568793e-06,0.008583057069576535,0.7773344998694419
Mars,midlatitude,3,2187.0593415078624,1.3811034878870072,207.50223353819084,7.035504288833685e-06,0.008583057069576535,0.7773344998694419
Mars,midlatitude,4,2894.4440577628275,1.2968351187713518,204.40994194806726,4.93322160336505e-06,0.008583057069576535,0.7773344998694419
Mars,midlatitude,5,3591.2856363955193,1.2177084049304046,201.3629338690738,3.4336848891448553e-06,0.008583057069576535,0.7773344998694419
Mars,midlatitude,6,4277.738844617683,1.1434096270025436,198.3607636760084,2.3722127504318583e-06,0.008583057069576535,0.7773344998694419
Mars,midlatitude,7,4953.956828882842,1.0736442072901815,195.4029332218449,1.6265832715638141e-06,0.008583057069576535,0.7773344998694419
Mars,midlatitude,8,5620.090960175307,1.008135541826427,192.48890679273086,1.106858495012817e-06,0.008583057069576535,0.7773344998694419
Mars,midlatitude,9,6276.290724995673,0.9466239037034836,189.6181227621798,7.474165021033351e-07,0.008583057069576535,0.7182992697228789
Mars,midlatitude,10,6926.2514144190945,0.8888654133147358,188.85587506229652,7.035428912016164e-07,0.008583057069576535,0.7171812522672376
Mars,midlatitude,11,7573.604483486886,0.8346310714277694,188.09969785300737,6.622002460680195e-07,0.008583057069576535,0.7160629319828847
Mars,midlatitude,12,8218.370658037962,0.7837058512546781,187.34951886933877,6.232457066875782e-07,0.008583057069576535,0.7149443134156611
Mars,midlatitude,13,8860.570417667741,0.7358878459199241,186.6052669879627,5.865442543413247e-07,0.008583057069576535,0.7138254010650936
Mars,midlatitude,14,9500.223999610733,0.6909874679456574,185.86687220474712,5.519682969218979e-07,0.008583057069576535,0.7127061993851473
Mars,midlatitude,15,10137.35140254693,0.6488266975806342,185.13426561283399,5.193972750705097e-07,0.008583057069576535,0.7115867127849582
Mars,midlatitude,16,10771.97239033378,0.6092383769925322,184.4073793812302,4.88717288168342e-07,0.008583057069576535,0.7104669456295567
Mars,midlatitude,17,11404.10649566548,0.5720655475252955,183.68614673389771,4.598207392546636e-07,0.008583057069576535,0.7093469022405642
Mars,midlatitude,18,12033.77302366129,0.5371608273938849,182.97050192932937,4.3260599798228176e-07,0.008583057069576535,0.7082265868968856
Mars,midlatitude,19,12660.99105538452,0.5043858273491365,182.26038024059693,4.069770807575216e-07,0.008583057069576535,0.7071060038353835
Mars,midlatitude,20,13285.779451293754,0.4736106019959733,181.5557179358592,3.8284334724809253e-07,0.008583057069576535,0.7059851572515337
Mars,midlatitude,21,13908.15685462791,0.4447131345895703,180.85645225931754,3.601192124763779e-07,0.008583057069576535,0.7048640513000733
Mars,midlatitude,22,14528.141694726653,0.41757885326680816,180.16252141260674,3.387238737494429e-07,0.008583057069576535,0.7037426900956316
Mars,midlatitude,23,15145.752190287583,0.392100176794985,179.4738645366102,3.1858105170917827e-07,0.008583057069576535,0.7026210777133439
Mars,midlatitude,24,15761.006352561699,0.3681760880367813,178.79042169368753,2.9961874481715643e-07,0.008583057069576535,0.7014992181894601
Mars,midlatitude,25,16373.921988488519,0.34571173344036465,178.11213385030436,2.8176899661897957e-07,0.008583057069576535,0.7003771155219382
Mars,midlatitude,26,16984.516703772177,0.3246180469667054,177.43894286005312,2.6496767516167954e-07,0.008583057069576535,0.6992547736710195
Mars,midlatitude,27,17592.807905899896,0.3048113969630588,176.77079144705507,2.4915426396584767e-07,0.008583057069576535,0.6981321965598049
Mars,midlatitude,28,18198.812807104066,0.28621325458254887,176.10762318973346,2.3427166398090327e-07,0.008583057069576535,0.6970093880747994
Mars,midlatitude,29,18802.54842726923,0.2687498824352123,175.4493825049481,2.202660059778201e-07,0.008583057069576535,0.6958863520664639
Mars,midlatitude,30,19404.031596785142,0.25235204223607705,174.79601463248216,2.0708647285849245e-07,0.008583057069576535,0.6947630923497569
Mars,midlatitude,31,20003.278959347183,0.23695472029116352,174.1474656198719,1.9468513138480455e-07,0.008583057069576535,0.6936396127046403
Mars,pole,0,0.0,1.6682095368166892,202.79966435516837,1.1298051643116752e-06,0.008583057069576535,0.7773344998694419
Mars,pole,1,691.3484914181096,1.5664233214869467,199.77457081749802,1.1298051643116752e-06,0.008583057069576535,0.7773344998694419
Mars,pole,2,1372.3843728014988,1.4708476171286993,196.79460157005147,1.1298051643116752e-06,0.008583057069576535,0.7773344998694419
Mars,pole,3,2043.2614738424982,1.3811034878870072,193.8590835091568,9.991423276980358e-07,0.008583057069576535,0.6984231114431398
Mars,pole,4,2707.7263862527343,1.2968351187713518,193.06076550060763,9.405769685464754e-07,0.008583057069576535,0.697241676596296
Mars,pole,5,3369.4605407030444,1.2177084049304046,192.2689552152414,8.853800913061142e-07,0.008583057069576535,0.6960599397624396
Mars,pole,6,4028.4861526843874,1.1434096270025436,191.48357335162552,8.333625070124437e-07,0.008583057069576535,0.6948779062079542
Mars,pole,7,4684.825167517697,1.0736442072901815,190.70454189039432,7.843453305268767e-07,0.008583057069576535,0.6936955811398093
Mars,pole,8,5338.499264713,1.008135541826427,189.93178406845377,7.381594420719495e-07,0.008583057069576535,0.6925129697066171
Mars,pole,9,5989.529862241024,0.9466239037034836,189.1652243538063,6.946449753035324e-07,0.008583057069576535,0.6913300769996379
Mars,pole,10,6637.938120719377,0.8888654133147358,188.40478842097846,6.536508307256667e-07,0.008583057069576535,0.6901469080537977
Mars,pole,11,7283.744947515329,0.8346310714277694,187.65040312703417,6.150342132992519e-07,0.008583057069576535,0.6889634678486529
Mars,pole,12,7926.971000767178,0.7837058512546781,186.9019964881579,5.786601931403452e-07,0.008583057069576535,0.6877797613093494
Mars,pole,13,8567.636693326158,0.7358878459199241,186.15949765679167,5.444012882470782e-07,0.008583057069576535,0.6865957933075503
Mars,pole,14,9205.762196620719,0.6909874679456574,185.42283689931094,5.121370682364173e-07,0.008583057069576535,0.6854115686623486
Mars,pole,15,9841.367444445068,0.6488266975806342,184.69194557422432,4.81753778113016e-07,0.008583057069576535,0.6842270921411608
Mars,pole,16,10474.472136673676,0.6092383769925322,183.96675611088313,4.5314398113195003e-07,0.008583057069576535,0.6830423684605912
Mars,pole,17,11105.095742903528,0.5720655475252955,183.24720198868678,4.262062198560193e-07,0.008583057069576535,0.6818574022872848
Mars,pole,18,11733.25750602577,0.5371608273938849,182.53321771677062,4.008446945454731e-07,0.008583057069576535,0.6806721982387618
Mars,pole,19,12358.976445728422,0.5043858273491365,181.82473881416314,3.7696895805419295e-07,0.008583057069576535,0.6794867608842251
Mars,pole,20,12982.271361931682,0.4736106019959733,181.12170179040024,3.544936264416065e-07,0.008583057069576535,0.6783010947453662
Mars,pole,21,13603.160838157439,0.4447131345895703,180.42404412658388,3.333381045432289e-07,0.008583057069576535,0.6771152042971276
Mars,pole,22,14221.66324483448,0.41757885326680816,179.73170425687366,3.134263257754773e-07,0.008583057069576535,0.6759290939684812
Mars,pole,23,14837.796742540826,0.392100176794985,179.0446215503996,2.946865054821642e-07,0.008583057069576535,0.6747427681431586
Mars,pole,24,15451.579285184647,0.3681760880367813,178.36273629358516,2.7705090716019105e-07,0.008583057069576535,0.6735562311603821
Mars,pole,25,16063.028623125196,0.34571173344036465,177.6859896728696,2.6045562093158715e-07,0.008583057069576535,0.6723694873155923
Mars,pole,26,16672.162306234997,0.3246180469667054,177.01432375781908,2.448403536571837e-07,0.008583057069576535,0.6711825408611236
Mars,pole,27,17278.997686904742,0.3048113969630588,176.34768148461657,2.3014823011444984e-07,0.008583057069576535,0.6699953960068983
Mars,pole,28,17883.55192299207,0.28621325458254887,175.6860066399206,2.163256046881677e-07,0.008583057069576535,0.6688080569210993
Mars,pole,29,18485.84198071555,0.2687498824352123,175.02924384508322,2.0332188304790037e-07,0.008583057069576535,0.6676205277308133
Mars,pole,30,19085.884637495048,0.25235204223607705,174.3773385407179,1.9108935331024054e-07,0.008583057069576535,0.6664328125226815
Mars,pole,31,19683.69648473967,0.23695472029116352,173.73023697160838,1.7958302620721678e-07,0.008583057069576535,0.6652449153435214
Venus,equator,0,0.0,47.89799686077392,450.63993533328687,0.15408392898959966,0.0019063999819131665,0.19689200801826842
Venus,equator,1,1253.8775648457784,44.676659570031305,443.08817172555933,0.15408392898959966,0.0019063999819131665,0.19689200801826842
Venus,equator,2,2486.7428175986506,41.67197046127619,435.66295955971594,0.15408392898959966,0.0019063999819131665,0.19689200801826842
Venus,equator,3,3698.9478797670336,38.869359053207695,428.3621781036635,0.14558290309992053,0.0019063999819131665,0.19689200801826842
Venus,equator,4,4896.7166156028625,36.25523478932009,425.37315857132785,0.14428732731212396,0.0019063999819131665,0.19689200801826842
Venus,equator,5,6086.150095821932,33.8169211339298,422.4210460241958,0.14296617657358981,0.0019063999819131665,0.19689200801826842
Venus,equator,6,7267.350696714678,31.54259410051596,419.5049973869844,0.14161945097329356,0.0019063999819131665,0.19689200801826842
Venus,equator,7,8440.418454261515,29.421224914282554,416.6241876288155,0.140247174836526,0.0019063999819131665,0.19689200801826842
Venus,equator,8,9605.451113778687,27.44252653089941,413.77780906061287,0.1388493964669905,0.0019063999819131665,0.19689200801826842
Venus,equator,9,10762.544177607353,25.59690375207761,410.9650706428865,0.13742618790454025,0.0019063999819131665,0.19689200801826842
Venus,equator,10,11911.790950873468,23.87540669607767,408.18519730289074,0.1359776446970852,0.0019063999819131665,0.19689200801826842
Venus,equator,11,13053.282585343293,22.26968739751746,405.43742926009406,0.13450388568559693,0.0019063999819131665,0.19689200801826842
Venus,equator,12,14187.108121396275,20.77195932602155,402.72102135884313,0.13300505280148556,0.0019063999819131665,0.19689200801826842
Venus,equator,13,15313.354528133921,19.374959627407836,400.03524240704746,0.13148131087594975,0.0019063999819131665,0.19689200801826842
Venus,equator,14,16432.10674163977,18.071913904309653,397.37937451964854,0.12993284746118397,0.0019063999819131665,0.19689200801826842
Venus,equator,15,17543.447701401965,16.856503365446002,394.75271246556815,0.12835987266359156,0.0019063999819131665,0.19689200801826842
Venus,equator,16,18647.458384906444,15.72283418423837,392.15456301675613,0.1267626189894005,0.0019063999819131665,0.19689200801826842
Venus,equator,17,19744.21784040443,14.665408918186623,389.5842442978732,0.1251413412033079,0.0019063999819131665,0.19689200801826842
Venus,equator,18,20833.8032178539,13.679099850409449,387.0410851350538,0.12349631620100124,0.0019063999819131665,0.19689200801826842
Venus,equator,19,21916.28979803004,12.759124124075832,384.52442440208745,0.12182784289661609,0.0019063999819131665,0.19689200801826842
Venus,equator,20,22991.75101979508,11.901020549148274,382.03361036224527,0.1201362421264073,0.0019063999819131665,0.19689200801826842
Venus,equator,21,24060.258505512524,11.100627968967917,379.56800000384544,0.11842185657011647,0.0019063999819131665,0.19689200801826842
Venus,equator,22,25121.882084585308,10.354065081775829,377.12695836750987,0.1166850506917376,0.0019063999819131665,0.19689200801826842
Venus,equator,23,26176.68981509155,9.65771161931996,374.70985786289896,0.11492621070160557,0.0019063999819131665,0.19689200801826842
Venus,equator,24,27224.748003485012,9.008190791278158,372.3160775725315,0.11314574454196887,0.0019063999819131665,0.19689200801826842
Venus,equator,25,28266.12122232027,8.402352910365996,369.9450025400898,0.11134408189844931,0.0019063999819131665,0.19689200801826842
Venus,equator,26,29300.872325955203,7.837260118723427,367.5960230403796,0.1095216742400646,0.0019063999819131665,0.19689200801826842
Venus,equator,27,30329.06246417496,7.3101721415147365,365.2685338278559,0.10767899489077304,0.0019063999819131665,0.19689200801826842
Venus,equator,28,31350.75109367255,6.818532998657505,362.9619333603306,0.10581653913581592,0.0019063999819131665,0.19689200801826842
Venus,equator,29,32365.995987311053,6.359958610242476,360.675622994149,0.10393482436647852,0.0019063999819131665,0.19689200801826842
Venus,equator,30,33374.85324108192,5.932225235539869,358.40900614674854,0.10203439026726632,0.0019063999819131665,0.19689200801826842
Venus,equator,31,34377.37727866122,5.5332586895301175,356.16148742209043,0.10011579904992582,0.0019063999819131665,0.19689200801826842
Venus,midlatitude,0,0.0,47.89799686077392,444.09361514521106,0.13196952003050771,0.0019063999819131665,0.19689200801826842
Venus,midlatitude,1,1235.6628364727712,44.676659570031305,436.6515538933661,0.13196952003050771,0.0019063999819131665,0.19689200801826842
Venus,midlatitude,2,2450.6186008282066,41.67197046127619,429.33420570603596,0.13196952003050771,0.0019063999819131665,0.19689200801826842
Venus,midlatitude,3,3645.2142994041424,38.869359053207695,422.13948065840884,0.12344311536368827,0.0019063999819131665,0.19689200801826842
Venus,midlatitude,4,4825.4925338665535,36.25523478932009,419.1291263116791,0.12195036156874844,0.0019063999819131665,0.19689200801826842
Venus,midlatitude,5,5997.373552665799,33.8169211339298,416.15418522795653,0.12043330649499291,0.0019063999819131665,0.19689200801826842
Venus,midlatitude,6,7160.9554903811595,31.54259410051596,413.21377840581823,0.11889210964222828,0.0019063999819131665,0.19689200801826842
Venus,midlatitude,7,8316.334036645545,29.421224914282554,410.30704215872566,0.11732695756736311,0.0019063999819131665,0.19689200801826842
Venus,midlatitude,8,9463.602477917026,27.44252653089941,407.4331272588705,0.11573806377470323,0.0019063999819131665,0.19689200801826842
Venus,midlatitude,9,10602.851736843713,25.59690375207761,404.591198077852,0.11412566863156356,0.0019063999819131665,0.19689200801826842
Venus,midlatitude,10,11734.170409209797,23.87540669607767,401.7804317219304,0.1124900393095742,0.0019063999819131665,0.19689200801826842
Venus,midlatitude,11,12857.644798444091,22.26968739751746,399.00001715941943,0.11083146975252961,0.0019063999819131665,0.19689200801826842
Venus,midlatitude,12,13973.358947665343,20.77195932602155,396.24915433757826,0.10915028067205187,0.0019063999819131665,0.19689200801826842
Venus,midlatitude,13,15081.394669230884,19.374959627407836,393.5270532861383,0.10744681957276773,0.0019063999819131665,0.19689200801826842
Venus,midlatitude,14,16181.831571746705,18.071913904309653,390.8329332043502,0.1057214608091196,0.0019063999819131665,0.19689200801826842
Venus,midlatitude,15,17274.747084487863,16.856503365446002,388.16602152815796,0.10397460567635451,0.0019063999819131665,0.19689200801826842
Venus,midlatitude,16,18360.216479168455,15.72283418423837,385.52555297379234,0.10220668253866412,0.0019063999819131665,0.19689200801826842
Venus,midlatitude,17,19438.31288898913,14.665408918186623,382.9107685537251,0.10041814699790673,0.0019063999819131665,0.19689200801826842
Venus,midlatitude,18,20509.107324878387,13.679099850409449,380.3209145605318,0.09860948210681109,0.0019063999819131665,0.19689200801826842
Venus,midlatitude,19,21572.668688830774,12.759124124075832,377.7552415137651,0.09678119863107615,0.0019063999819131665,0.19689200801826842
Venus,midlatitude,20,22629.06378423058,11.901020549148274,375.21300306444164,0.09493383536532343,0.0019063999819131665,0.19689200801826842
Venus,midlatitude,21,23678.35732303379,11.100627968967917,372.6934548511781,0.09306795950845743,0.0019063999819131665,0.19689200801826842
Venus,midlatitude,22,24720.61192966323,10.354065081775829,370.19585330137744,0.09118416710464194,0.0019063999819131665,0.19689200801826842
Venus,midlatitude,23,25755.88814145262,9.65771161931996,367.71945437014216,0.08928308355682799,0.0019063999819131665,0.19689200801826842
Venus,midlatitude,24,26784.24440545326,9.008190791278158,365.2635122087758,0.08736536422055509,0.0019063999819131665,0.19689200801826842
Venus,midlatitude,25,27805.737071393127,8.402352910365996,362.8272777538105,0.08543169508665976,0.0019063999819131665,0.19689200801826842
Venus,midlatitude,26,28820.420380551084,7.837260118723427,360.4099972264479,0.08348279356250227,0.0019063999819131665,0.19689200801826842
Venus,midlatitude,27,29828.34645027916,7.3101721415147365,358.0109105311129,0.08151940936245536,0.0019063999819131665,0.19689200801826842
Venus,midlatitude,28,30829.56525387195,6.818532998657505,355.6292495404699,0.0795423255196441,0.0019063999819131665,0.19689200801826842
Venus,midlatitude,29,31824.124595444573,6.359958610242476,353.26423625271536,0.07755235953234504,0.0019063999819131665,0.19689200801826842
Venus,midlatitude,30,32812.07007943866,5.932225235539869,350.91508080522163,0.07555036466003479,0.0019063999819131665,0.19689200801826842
Venus,midlatitude,31,33793.445074327996,5.5332586895301175,348.58097932662344,0.07353723138588444,0.0019063999819131665,0.19689200801826842
Venus,pole,0,0.0,47.89799686077392,426.84398162184846,0.08552753666402463,0.0019063999819131665,0.19689200801826842
Venus,pole,1,1187.666805094062,44.676659570031305,419.69098741549743,0.08552753666402463,0.0019063999819131665,0.19689200801826842
Venus,pole,2,2355.430849128602,41.67197046127619,412.65786212687533,0.08552753666402463,0.0019063999819131665,0.19689200801826842
Venus,pole,3,3503.6256599046037,38.869359053207695,405.74259700873256,0.07775920657626414,0.0019063999819131665,0.19689200801826842
Venus,pole,4,4637.735761313675,36.25523478932009,402.6186836664808,0.07596995640678221,0.0019063999819131665,0.19689200801826842
Venus,pole,5,5763.120869288734,33.8169211339298,399.5236709472783,0.07416468971293626,0.0019063999819131665,0.19689200801826842
Venus,pole,6,6879.860461916994,31.54259410051596,396.45640731505574,0.07234414860488386,0.0019063999819131665,0.19689200801826842
Venus,pole,7,7988.030778159294,29.421224914282554,393.4157355491053,0.07050912343268889,0.0019063999819131665,0.19689200801826842
Venus,pole,8,9087.704798310557,27.44252653089941,390.4004901861867,0.06866045430703052,0.0019063999819131665,0.19689200801826842
Venus,pole,9,10178.952217038453,25.59690375207761,387.40949478829754,0.06679903280216742,0.0019063999819131665,0.19689200801826842
Venus,pole,10,11261.839408481797,23.87540669607767,384.4415590153268,0.0649258038595154,0.0019063999819131665,0.19689200801826842
Venus,pole,11,12336.429382828923,22.26968739751746,381.49547547957826,0.06304176791228593,0.0019063999819131665,0.19689200801826842
Venus,pole,12,13402.781733728247,20.77195932602155,378.5700163567146,0.06114798325386349,0.0019063999819131665,0.19689200801826842
Venus,pole,13,14460.952575808209,19.374959627407836,375.6639297250272,0.05924556867494914,0.0019063999819131665,0.19689200801826842
Venus,pole,14,15510.994471500871,18.071913904309653,372.77593560210113,0.05733570639697868,0.0019063999819131665,0.19689200801826842
Venus,pole,15,16552.956346272324,16.856503365446002,369.90472164493667,0.055419645331877515,0.0019063999819131665,0.19689200801826842
Venus,pole,16,17586.88339126383,15.72283418423837,367.04893847646525,0.05349870470079749,0.0019063999819131665,0.19689200801826842
Venus,pole,17,18612.81695223874,14.665408918186623,364.2071945982406,0.051574278047013984,0.0019063999819131665,0.19689200801826842
Venus,pole,18,19630.79440361342,13.679099850409449,361.3780508460231,0.04964783768048692,0.0019063999819131665,0.19689200801826842
Venus,pole,19,20640.849006224867,12.759124124075832,358.560014342208,0.04772093959354096,0.0019063999819131665,0.19689200801826842
Venus,pole,20,21643.009747355616,11.901020549148274,355.75153189686915,0.045795228888387524,0.0019063999819131665,0.19689200801826842
Venus,pole,21,22637.30116139943,11.100627968967917,352.95098280801795,0.04387244575740585,0.0019063999819131665,0.19689200801826842
Venus,pole,22,23623.74312941329,10.354065081775829,350.1566710121236,0.04195443205564944,0.0019063999819131665,0.19689200801826842
Venus,pole,23,24602.350655667993,9.65771161931996,347.36681653885887,0.04004313850115417,0.0019063999819131665,0.19689200801826842
Venus,pole,24,25573.133619189764,9.008190791278158,344.57954623062466,0.03814063253119849,0.0019063999819131665,0.19689200801826842
Venus,pole,25,26536.096498191167,8.402352910365996,341.7928836993362,0.03624910683020888,0.0019063999819131665,0.19689200801826842
Venus,pole,26,27491.238065240042,7.837260118723427,339.0047385125275,0.03437088852545616,0.0019063999819131665,0.19689200801826842
Venus,pole,27,28438.551051035425,7.3101721415147365,336.21289463119234,0.03250844901729545,0.0019063999819131665,0.19689200801826842
Venus,pole,28,29378.021774786077,6.818532998657505,333.4149981672125,0.030664414367750165,0.0019063999819131665,0.19689200801826842
Venus,pole,29,30309.629739470423,6.359958610242476,330.6085445944716,0.028841576109833095,0.0019063999819131665,0.19689200801826842
Venus,pole,30,31233.34719076615,5.932225235539869,327.7908656424366,0.027042902253695433,0.0019063999819131665,0.19689200801826842
Venus,pole,31,32149.13863926602,5.5332586895301175,324.9591162340947,0.02527154814628353,0.0019063999819131665,0.19689200801826842
Moon,equator,0,0.0,0.008709211256088723,274.44556809686003,0.07889954803715685,0.00036088358330106917,0.06151486108941817
Moon,equator,1,2234.190609257238,0.00832480890895373,270.89450845155574,0.07889954803715685,0.00036088358330106917,0.06151486108941817
Moon,equator,2,4439.4729575158835,0.007957373099905591,267.3893960762036,0.07889954803715685,0.00036088358330106917,0.06151486108941817
Moon,equator,3,6616.221089653978,0.0076061549692747485,263.9296364576647,0.07889954803715685,0.00036088358330106917,0.06151486108941817
Moon,equator,4,8764.804210771425,0.007270438710145349,260.5146427752238,0.07889954803715685,0.00036088358330106917,0.06151486108941817
Moon,equator,5,10885.586748811864,0.006949540109491114,257.14383580105743,0.07889954803715685,0.00036088358330106917,0.06151486108941817
Moon,equator,6,12978.928416374689,0.006642805153701686,253.8166438019882,0.07889954803715685,0.00036088358330106917,0.06151486108941817
Moon,equator,7,15045.184271726856,0.006349608695657548,250.5325024425121,0.07889954803715685,0.00036088358330106917,0.06151486108941817
Moon,equator,8,17084.704779025516,0.006069353180636812,247.29085468907957,0.07889954803715685,0.00036088358330106917,0.06151486108941817
Moon,equator,9,19097.835867761285,0.005801467428457252,244.09115071561524,0.07889954803715685,0.00036088358330106917,0.06151486108941817
Moon,equator,10,21084.918991432467,0.005545405469371451,240.93284781026028,0.07625894709578547,0.00036088358330106917,0.06151486108941817
Moon,equator,11,23056.238865426047,0.005300645431342596,240.24352386130326,0.07465318273090218,0.00036088358330106917,0.06151486108941817
Moon,equator,12,25021.91866994572,0.005066688476433048,239.55617211128433,0.07306448078078968,0.00036088358330106917,0.06151486108941817
Moon,equator,13,26981.97020863002,0.004843057784138026,238.86972929391038,0.07148575413099403,0.00036088358330106917,0.06151486108941817
Moon,equator,14,28936.3963193089,0.0046292975795923464,238.18307022536564,0.06990993770238235,0.00036088358330106917,0.06151486108941817
Moon,equator,15,30885.19471918726,0.00442497220466961,237.49607020411278,0.06833722971793808,0.00036088358330106917,0.06151486108941817
Moon,equator,16,32828.362079643455,0.004229665230080731,236.80859865753743,0.06676783325165257,0.00036088358330106917,0.06151486108941817
Moon,equator,17,34765.89397627488,0.004042978606662149,236.12051869080375,0.06520195660957688,0.00036088358330106917,0.06151486108941817
Moon,equator,18,36697.78483507737,0.003864531854124027,235.43168659430808,0.06363981374547999,0.00036088358330106917,0.06151486108941817
Moon,equator,19,38624.0278744005,0.003693961285605016,234.74195130517057,0.06208162471477827,0.00036088358330106917,0.06151486108941817
Moon,equator,20,40544.61504228109,0.003530919266453204,234.05115381762405,0.0605276161708681,0.00036088358330106917,0.06151486108941817
Moon,equator,21,42459.53694871235,0.0033750735057225894,233.35912653649456,0.058978021908500794,0.00036088358330106917,0.06151486108941817
Moon,equator,22,44368.78279235585,0.00322610637894106,232.66569256720535,0.05743308345943879,0.00036088358330106917,0.06151486108941817
Moon,equator,23,46272.34028114504,0.003083714280769698,231.97066493486153,0.05589305074630189,0.00036088358330106917,0.06151486108941817
Moon,equator,24,48170.19554616522,0.002947607006234033,231.27384572396554,0.054358182801302696,0.00036088358330106917,0.06151486108941817
Moon,equator,25,50062.33304811991,0.002817507159266172,230.57502512915448,0.05282874855743733,0.00036088358330106917,0.06151486108941817
Moon,equator,26,51948.73547560989,0.0026931495873523683,229.87398040601153,0.051305027720749505,0.00036088358330106917,0.06151486108941817
Moon,equator,27,53829.383634354796,0.0025742808411338023,229.17047470945647,0.049787311733431205,0.00036088358330106917,0.06151486108941817
Moon,equator,28,55704.256326377734,0.0024606586578592073,228.46425580542947,0.04827590483890733,0.00036088358330106917,0.06151486108941817
Moon,equator,29,57573.33021804758,0.0023520514676365744,227.7550546395032,0.046771125261595506,0.00036088358330106917,0.06151486108941817
Moon,equator,30,59436.57969572981,0.0022482379214776465,227.04258374364625,0.04527330651585167,0.00036088358330106917,0.06151486108941817
Moon,equator,31,61293.97670763104,0.0021490064401733307,226.3265354595532,0.043782798860684924,0.00036088358330106917,0.06151486108941817
Moon,midlatitude,0,0.0,0.008709211256088723,253.7758779795989,0.01574370382782833,0.00036088358330106917,0.06151486108941817
Moon,midlatitude,1,2065.9239913028046,0.00832480890895373,250.49226409035234,0.01574370382782833,0.00036088358330106917,0.06151486108941817
Moon,midlatitude,2,4105.116928551232,0.007957373099905591,247.25113698219582,0.01574370382782833,0.00036088358330106917,0.06151486108941817
Moon,midlatitude,3,6117.924685675721,0.0076061549692747485,244.05194691736227,0.01574370382782833,0.00036088358330106917,0.06151486108941817
Moon,midlatitude,4,8104.688661333324,0.007270438710145349,240.89415127115842,0.01574370382782833,0.00036088358330106917,0.06151486108941817
Moon,midlatitude,5,10065.74583681326,0.006949540109491114,237.77721443992883,0.01574370382782833,0.00036088358330106917,0.06151486108941817
Moon,midlatitude,6,12001.428833193595,0.006642805153701686,234.70060775020997,0.01574370382782833,0.00036088358330106917,0.06151486108941817
Moon,midlatitude,7,13912.065967757993,0.006349608695657548,231.6638093690606,0.01574370382782833,0.00036088358330106917,0.06151486108941817
Moon,midlatitude,8,15797.981309682715,0.006069353180636812,228.66630421555197,0.01574370382782833,0.00036088358330106917,0.06151486108941817
Moon,midlatitude,9,17659.494735002954,0.005801467428457252,225.70758387340334,0.015146053663180264,0.00036088358330106917,0.06151486108941817
Moon,midlatitude,10,19504.261112715863,0.005545405469371451,224.57854366983116,0.013972066959110086,0.00036088358330106917,0.06151486108941817
Moon,midlatitude,11,21339.655188013166,0.005300645431342596,223.41991329794817,0.012828143189861007,0.00036088358330106917,0.06151486108941817
Moon,midlatitude,12,23165.422497115935,0.005066688476433048,222.22876143026144,0.011716664872435889,0.00036088358330106917,0.06151486108941817
Moon,midlatitude,13,24981.283318016325,0.004843057784138026,221.0018541528392,0.010640230204739518,0.00036088358330106917,0.06151486108941817
Moon,midlatitude,14,26786.930118038836,0.0046292975795923464,219.7356371174517,0.009601661610683761,0.00036088358330106917,0.06151486108941817
Moon,midlatitude,15,28582.024890078286,0.00442497220466961,218.42622621662807,0.008604006901942985,0.00036088358330106917,0.06151486108941817
Moon,midlatitude,16,30366.196471895222,0.004229665230080731,217.0694127732005,0.0076505286664021056,0.00036088358330106917,0.06151486108941817
Moon,midlatitude,17,32139.038001982422,0.004042978606662149,215.6606916861407,0.006744675924935259,0.00036088358330106917,0.06151486108941817
Moon,midlatitude,18,33900.1047465787,0.003864531854124027,214.19532387749246,0.005890030373058005,0.00036088358330106917,0.06151486108941817
Moon,midlatitude,19,35648.91263750347,0.003693961285605016,212.6684473485648,0.005090217993232767,0.00036088358330106917,0.06151486108941817
Moon,midlatitude,20,37384.93798629442,0.003530919266453204,211.0752532457062,0.004348776202400342,0.00036088358330106917,0.06151486108941817
Moon,midlatitude,21,39107.61897232766,0.0033750735057225894,209.41124280316487,0.003668968201061835,0.00036088358330106917,0.06151486108941817
Moon,midlatitude,22,40816.359608495084,0.00322610637894106,207.67257514320238,0.0030535415184658244,0.00036088358330106917,0.06151486108941817
Moon,midlatitude,23,42510.536910096744,0.003083714280769698,205.85650134378093,0.002504438686305157,0.00036088358330106917,0.06151486108941817
Moon,midlatitude,24,44189.51184992818,0.002947607006234033,203.9618545372086,0.002022485243973232,0.00036088358330106917,0.06151486108941817
Moon,midlatitude,25,45852.644291145254,0.002817507159266172,201.9895307409691,0.0016071016074582095,0.00036088358330106917,0.06151486108941817
Moon,midlatitude,26,47499.311411482166,0.0026931495873523683,199.94286022581088,0.0012561035600737193,0.00036088358330106917,0.06151486108941817
Moon,midlatitude,27,49128.928245642215,0.0025742808411338023,197.8277531691122,0.0009656596073528327,0.00036088358330106917,0.06151486108941817
Moon,midlatitude,28,50740.96811785054,0.0024606586578592073,195.65252719132147,0.0007304513427831084,0.00036088358330106917,0.06151486108941817
Moon,midlatitude,29,52334.98027197375,0.0023520514676365744,193.42739577803076,0.0005440347054266185,0.00036088358330106917,0.06151486108941817
Moon,midlatitude,30,53910.60223737966,0.0022482379214776465,191.1636949129587,0.00039934173845295845,0.00036088358330106917,0.06151486108941817
Moon,midlatitude,31,55467.5654313016,0.0021490064401733307,188.87300555403138,0.00028922135649591985,0.00036088358330106917,0.06151486108941817
Moon,pole,0,0.0,0.008709211256088723,198.9466838510211,3.992617936447543e-05,0.00036088358330106917,0.06151486108941817
Moon,pole,1,1619.5736585768004,0.00832480890895373,196.37250659070136,3.992617936447543e-05,0.00036088358330106917,0.06151486108941817
Moon,pole,2,3218.1916037804476,0.007957373099905591,193.8316366891135,3.992617936447543e-05,0.00036088358330106917,0.06151486108941817
Moon,pole,3,4796.124982230704,0.0076061549692747485,191.32364318131866,3.992617936447543e-05,0.00036088358330106917,0.06151486108941817
Moon,pole,4,6353.641432172908,0.007270438710145349,188.84810067864646,3.992617936447543e-05,0.00036088358330106917,0.06151486108941817
Moon,pole,5,7891.005128872825,0.006949540109491114,186.40458929654383,3.992617936447543e-05,0.00036088358330106917,0.06151486108941817
Moon,pole,6,9408.476829424419,0.006642805153701686,183.99269458335664,3.992617936447543e-05,0.00036088358330106917,0.06151486108941817
Moon,pole,7,10906.313916977562,0.006349608695657548,181.6120074500335,2.8585657556740582e-05,0.00036088358330106917,0.06151486108941817
Moon,pole,8,12384.832015896125,0.006069353180636812,179.27715299206596,1.968386043034777e-05,0.00036088358330106917,0.06151486108941817
Moon,pole,9,13844.324208818964,0.005801467428457252,176.96800393971498,1.346158326341626e-05,0.00036088358330106917,0.06151486108941817
Moon,pole,10,15285.005066212043,0.005545405469371451,174.68552364975696,9.144491397217355e-06,0.00036088358330106917,0.06151486108941817
Moon,pole,11,16707.09555272506,0.005300645431342596,172.43030951168026,6.1706806688669575e-06,0.00036088358330106917,0.06151486108941817
Moon,pole,12,18110.820414297057,0.005066688476433048,170.20268710497055,4.13649675300594e-06,0.00036088358330106917,0.06151486108941817
Moon,pole,13,19496.40625007013,0.004843057784138026,168.00278319555989,2.754619675870323e-06,0.00036088358330106917,0.06151486108941817
Moon,pole,14,20864.08011052364,0.0046292975795923464,165.8305811837414,1.8222730928096304e-06,0.00036088358330106917,0.06151486108941817
Moon,pole,15,22214.068492501952,0.00442497220466961,163.68596253330426,1.1974966065995983e-06,0.00036088358330106917,0.06151486108941817
Moon,pole,16,23546.59662905387,0.004229665230080731,161.56873730259144,7.81672310665355e-07,0.00036088358330106917,0.06151486108941817
Moon,pole,17,24861.887995441346,0.004042978606662149,159.47866637782997,5.068053410061218e-07,0.00036088358330106917,0.06151486108941817
Moon,pole,18,26160.16397186402,0.003864531854124027,157.41547749232487,3.2635998493963537e-07,0.00036088358330106917,0.06151486108941817
Moon,pole,19,27441.64361863469,0.003693961285605016,155.37887665523198,2.087193601075513e-07,0.00036088358330106917,0.06151486108941817
Moon,pole,20,28706.543531269443,0.003530919266453204,153.36855622903389,1.325585252268347e-07,0.00036088358330106917,0.06151486108941817
Moon,pole,21,29955.077751843182,0.0033750735057225894,151.3842005858192,8.35986432589364e-08,0.00036088358330106917,0.06151486108941817
Moon,pole,22,31187.45771959351,0.00322610637894106,149.4254900310111,5.234844703665313e-08,0.00036088358330106917,0.06151486108941817
Moon,pole,23,32403.892248640732,0.003083714280769698,147.4921034984359,3.2545188447344336e-08,0.00036088358330106917,0.06151486108941817
Moon,pole,24,33604.58752425173,0.002947607006234033,145.58372038156364,2.0086893521426827e-08,0.00036088358330106917,0.06151486108941817
Moon,pole,25,34789.747111641256,0.002817507159266172,143.70002176251617,1.2306813517053337e-08,0.00036088358330106917,0.06151486108941817
Moon,pole,26,35959.5719731376,0.0026931495873523683,141.84069122470046,7.484253901033092e-09,0.00036088358330106917,0.06151486108941817
Moon,pole,27,37114.26049083712,0.0025742808411338023,140.00541537995377,4.517352999144554e-09,0.00036088358330106917,0.06151486108941817
Moon,pole,28,38254.008492782894,0.0024606586578592073,138.1938842015839,2.7059149911014815e-09,0.00036088358330106917,0.06151486108941817
Moon,pole,29,39379.009281336155,0.0023520514676365744,136.40579122656786,1.6084229856546962e-09,0.00036088358330106917,0.06151486108941817
Moon,pole,30,40489.453662846376,0.0022482379214776465,134.64083367033595,9.486439067430328e-10,0.00036088358330106917,0.06151486108941817
Moon,pole,31,41585.52997802478,0.0021490064401733307,132.89871248370227,5.551153736459063e-10,0.00036088358330106917,0.06151486108941817
Titan,equator,0,0.0,0.6436314540341173,71.24153317619471,0.0,0.010492312107868544,3.0388212699557994e-12
Titan,equator,1,518.5096180596054,0.6227754332482748,70.75785636877907,0.0,0.009864608972760713,2.348077890061568e-12
Titan,equator,2,1033.4803554580417,0.6025952240628337,70.27237295995984,0.0,0.009259043788951194,1.8050936952418362e-12
Titan,equator,3,1544.8989142884204,0.5830689277021875,69.78505437890264,0.0,0.008675792428063066,1.380393386735679e-12
Titan,equator,4,2052.7518244322478,0.5641753549914121,69.29588203445415,0.0,0.008114993918306656,1.049924774962831e-12
Titan,equator,5,2557.0255197056613,0.5458940033626006,68.8048482092446,0.0,0.007576746919204824,7.941503056058374e-13
Titan,equator,6,3057.7064204650333,0.5282050346062762,68.31195693454255,0.0,0.007061106265642564,5.972752359724078e-13
Titan,equator,7,3554.7810224612754,0.5110892533437414,67.81722482667827,0.0,0.0065680796530440105,4.4659420807555977e-13
Titan,equator,8,4048.2359915842626,0.49452808619700234,67.32068186369217,0.0,0.006097624543155362,3.319401357926016e-13
Titan,equator,9,4538.058263976499,0.4785035616336629,66.82237207910615,0.0,0.005649645376018924,2.45221256665539e-13
Titan,equator,10,5024.235150822052,0.4629982904649199,66.32235414853386,0.0,0.005223991177629704,1.8003391954920933e-13
Titan,equator,11,5506.754446938007,0.4479954469754934,65.820701844422,0.0,0.004820453653831768,1.313402101186208e-13
Titan,equator,12,5985.604542116989,0.43347875066501695,65.31750433471862,0.0,0.004438765858645952,9.520087767612545e-14
Titan,equator,13,6460.774533998303,0.41943244858107404,64.81286630284252,0.0,0.00407860151893799,6.855523711733466e-14
Titan,equator,14,6932.254341090156,0.40584129822470877,64.30690786907833,0.0,0.0037395750868227887,4.9040795736133266e-14
Titan,equator,15,7400.034814434604,0.3926905510098607,63.79976429748337,0.0,0.0034212425763763036,3.484631036944497e-14
Titan,equator,16,7864.107846309487,0.3799659362587745,63.29158547752356,0.0,0.003123103222298702,2.4592829109029795e-14
Titan,equator,17,8324.466474305305,0.3676536457160177,62.782535175824854,0.0,0.002844601975667754,1.7238024791024448e-14
Titan,equator,18,8781.104979106929,0.3557403185643002,62.272790060409704,0.0,0.0025851328266919995,1.1999794646647485e-14
Titan,equator,19,9234.018974354476,0.3442130269258373,61.76253850727382,0.0,0.002344042917569746,8.295690522651809e-15
Titan,equator,20,9683.205487057689,0.3330592618335202,61.25197920676304,0.0,0.002120637381566529,5.695264510526507e-15
Titan,equator,21,10128.663027191997,0.32226691965667403,60.741319594506926,0.0,0.001914184818759581,3.88287226812179e-15
Titan,equator,22,10570.391645309455,0.3118242889666693,60.23077413821434,0.0,0.0017239232960976592,2.6288766096624082e-15
Titan,equator,23,11008.392977245814,0.30172003782813706,59.720562517027254,0.0,0.0015490667408995479,1.7675423000139046e-15
Titan,equator,24,11442.670275287326,0.2919432015019944,59.21090773401522,0.0,0.0013888115838233265,1.1802141708550778e-15
Titan,equator,25,11873.228425464975,0.28248317054693756,58.702034204529696,0.0,0.0012423435004763797,7.82629093506662e-16
Titan,equator,26,12300.073950956792,0.2733296793064903,58.19416586340052,0.0,0.0011088441005580735,5.15432164016379e-16
Titan,equator,27,12723.215001886972,0.264472794769114,57.68752433235826,0.0,0.0009874974196208196,3.3715266787082056e-16
Titan,equator,28,13142.661332100613,0.2559029057892909,57.182327185747184,0.0,0.000877496080638001,2.1904983211078782e-16
Titan,equator,29,13558.424263753415,0.24761071265788437,56.678786347811716,0.0,0.0007780470096343231,1.4136573370264956e-16
Titan,equator,30,13970.516640777238,0.23958721701045693,56.17710664893635,0.0,0.0006883766104362956,9.062654326191085e-17
Titan,equator,31,14378.952772458037,0.2318237120625969,55.677484561591875,0.0,0.0006077353267506896,5.7716876235861e-17
Titan,midlatitude,0,0.0,0.6436314540341173,68.09902588000485,0.0,0.00553902201533872,4.2666840035461554e-13
Titan,midlatitude,1,495.4435557053557,0.6227754332482748,67.58347645703827,0.0,0.005125776842331115,3.140133002157404e-13
Titan,midlatitude,2,987.1173339962872,0.6025952240628337,67.06663212505018,0.0,0.0047339684935468395,2.296993716662134e-13
Titan,midlatitude,3,1475.0122135999154,0.5830689277021875,66.5485847442152,0.0,0.004363310014555488,1.6698700171030574e-13
Titan,midlatitude,4,1959.1197959204171,0.5641753549914121,66.02944036717629,0.0,0.004013459868561932,1.2063601996388303e-13
Titan,midlatitude,5,2439.432508029258,0.5458940033626006,65.50931905908705,0.0,0.003684022363945987,8.659781881642442e-14
Titan,midlatitude,6,2915.9437036474214,0.5282050346062762,64.9883545276475,0.0,0.0033745487776883853,6.176474978781191e-14
Titan,midlatitude,7,3388.647760708324,0.5110892533437414,64.46669355665703,0.0,0.0030845391972771493,4.3767382953372234e-14
Titan,midlatitude,8,3857.5401740623415,0.49452808619700234,63.94449524193999,0.0,0.0028134450842980142,3.081153824455587e-14
Titan,midlatitude,9,4322.617641896941,0.4785035616336629,63.42193003436704,0.0,0.00256067254175211,2.154816567067362e-14
Titan,midlatitude,10,4783.878144503256,0.4629982904649199,62.89917860083521,0.0,0.0023255862451718287,1.4970181526908043e-14
Titan,midlatitude,11,5241.321014121694,0.4479954469754934,62.37643052017543,0.0,0.0021075139759311875,1.0331273076600307e-14
Titan,midlatitude,12,5694.946994743918,0.43347875066501695,61.85388283669492,0.0,0.0019057516749446687,7.082477070978093e-15
Titan,midlatitude,13,6144.758290932837,0.41943244858107404,61.33173849910297,0.0,0.0017195689173724598,4.823028550678616e-15
Titan,midlatitude,14,6590.758604939677,0.40584129822470877,60.81020471661121,0.0,0.001548214695031377,3.262575373879718e-15
Titan,midlatitude,15,7032.953161639545,0.3926905510098607,60.289491266798386,0.0,0.0013909233837699107,2.1923697325427975e-15
Titan,midlatitude,16,7471.348721064607,0.3799659362587745,59.769808791218956,0.0,0.0012469207686351326,1.46348881493509e-15
Titan,midlatitude,17,7905.953578576385,0.3676536457160177,59.25136711464209,0.0,0.0011154300004389017,9.705105158510774e-16
Titan,midlatitude,18,8336.777552975198,0.3557403185643002,58.7343736222598,0.0,0.0009956773631716678,6.393840426911495e-16
Titan,midlatitude,19,8763.83196308488,0.3442130269258373,58.219031726323685,0.0,0.0008868977421383423,4.1849640494755337e-16
Titan,midlatitude,20,9187.129593566224,0.3330592618335202,57.70553944966383,0.0,0.0007883396969482168,2.7215073198443513e-16
Titan,midlatitude,21,9606.684650895102,0.32226691965667403,57.19408814867877,0.0,0.000699270060624621,1.758473769264327e-16
Titan,midlatitude,22,10022.512710586623,0.3118242889666693,56.68486139296549,0.0,0.0006189780050413806,1.1289964339786673e-16
Titan,midlatitude,23,10434.630656851208,0.30172003782813706,56.17803401309819,0.0,0.0005467785325530354,7.202805614219982e-17
Titan,midlatitude,24,10843.056615932182,0.2919432015019944,55.67377132246238,0.0,0.00048201537303875985,4.566521632943408e-17
Titan,midlatitude,25,11247.809884398292,0.28248317054693756,55.17222851377084,0.0,0.00042406328373339276,2.87717331474104e-17
Titan,midlatitude,26,11648.910853651782,0.2733296793064903,54.673550226143504,0.0,0.0003723297654614036,1.801625743888228e-17
Titan,midlatitude,27,12046.380931867847,0.264472794769114,54.17787027457717,0.0,0.00032625622271654825,1.633024170877933e-17
Titan,midlatitude,28,12440.242464509553,0.2559029057892909,53.685311530356756,0.0,0.00028531860614722823,1.633024170877933e-17
Titan,midlatitude,29,12830.518654469795,0.24761071265788437,53.19598593850227,0.0,0.0002490275843180746,1.633024170877933e-17
Titan,midlatitude,30,13217.233482784242,0.23958721701045693,52.7099946566885,0.0,0.0002169282971933944,1.633024170877933e-17
Titan,midlatitude,31,13600.411630742157,0.2318237120625969,52.22742829916333,0.0,0.0001885997468327999,1.633024170877933e-17
Titan,pole,0,0.0,0.6436314540341173,59.81847776018857,0.0,0.0007460650065405671,9.003568006151223e-16
Titan,pole,1,434.9054977183046,0.6227754332482748,59.28503167298271,0.0,0.0006647441732145745,5.89824004874381e-16
Titan,pole,2,865.925239081751,0.6025952240628337,58.75432193531639,0.0,0.0005911558147239903,3.841299296617358e-16
Titan,pole,3,1293.079723721692,0.5830689277021875,58.22648989081487,0.0,0.0005247147825089287,2.487110756434291e-16
Titan,pole,4,1716.3904536836017,0.5641753549914121,57.701668717649866,0.0,0.00046486076224328286,1.6009830995017028e-16
Titan,pole,5,2135.8798723941063,0.5458940033626006,57.17998304492171,0.0,0.0004110597993855527,1.024627788937104e-16
Titan,pole,6,2551.571301260926,0.5282050346062762,56.66154868801657,0.0,0.000362805415993501,6.519974812909323e-17
Titan,pole,7,2963.488874751334,0.5110892533437414,56.14647249657961,0.0,0.00031961933993106983,4.1251341408911016e-17
Titan,pole,8,3371.657474741628,0.49452808619700234,55.6348523068996,0.0,0.00028105187392227514,2.595097666615969e-17
Titan,pole,9,3776.102664865136,0.4785035616336629,55.12677698912045,0.0,0.0002466819366301462,1.6233153712027924e-17
Titan,pole,10,4176.85062551286,0.4629982904649199,54.62232657876801,0.0,0.00021611681111220293,1.0097052056690867e-17
Titan,pole,11,4573.928090062323,0.4479954469754934,54.1215724815738,0.0,0.00018899163774309657,9.640510172890836e-18
Titan,pole,12,4967.362282829172,0.43347875066501695,53.62457774044553,0.0,0.0001649686891610892,9.640510172890836e-18
Titan,pole,13,5357.180859155336,0.41943244858107404,53.13139735362269,0.0,0.00014373646417704822,9.640510172890836e-18
Titan,pole,14,5743.411847969217,0.40584129822470877,52.6420786335054,0.0,0.00012500863608422614,9.640510172890836e-18
Titan,pole,15,6126.083597078901,0.3926905510098607,52.156661596297596,0.0,0.00010852288862554565,9.640510172890836e-18
Titan,pole,16,6505.224721390386,0.3799659362587745,51.675179373404376,0.0,9.40396702030249e-05,9.640510172890836e-18
Titan,pole,17,6880.864054179815,0.3676536457160177,51.19765863641788,0.0,8.134089392441652e-05,9.640510172890836e-18
Titan,pole,18,7253.030601492679,0.3557403185643002,50.72412002847052,0.0,7.022860792579941e-05,9.640510172890836e-18
Titan,pole,19,7621.7534996935,0.3442130269258373,50.25457859569179,0.0,6.052365721213794e-05,9.640510172890836e-18
Titan,pole,20,7987.061976147442,0.3330592618335202,49.78904421344395,0.0,5.2064355122427424e-05,9.640510172890836e-18
Titan,pole,21,8348.985312979423,0.32226691965667403,49.327522002910406,0.0,4.470517953003678e-05,9.640510172890836e-18
Titan,pole,22,8707.552813827286,0.3118242889666693,48.87001273444944,0.0,3.8315506088853444e-05,9.640510172890836e-18
Titan,pole,23,9062.793773482006,0.30172003782813706,48.416513214896035,0.0,3.277838826954954e-05,9.640510172890836e-18
Titan,pole,24,9414.737450290017,0.2919432015019944,47.96701665668689,0.0,2.7989391619489237e-05,9.640510172890836e-18
Titan,pole,25,9763.413041179334,0.28248317054693756,47.52151302729745,0.0,2.3855487633239355e-05,9.640510172890836e-18
Titan,pole,26,10108.849659162168,0.2733296793064903,47.079989378013856,0.0,2.0294010836848247e-05,9.640510172890836e-18
Titan,pole,27,10451.076313161197,0.264472794769114,46.642430151520514,0.0,1.7231681158861708e-05,9.640510172890836e-18
Titan,pole,28,10790.121890004295,0.2559029057892909,46.2088174681699,0.0,1.4603692369772694e-05,9.640510172890836e-18
Titan,pole,29,11126.015138432735,0.24761071265788437,45.77913139112008,0.0,1.2352866300968892e-05,9.640510172890836e-18
Titan,pole,30,11458.784654970139,0.23958721701045693,45.35335017078426,0.0,1.0428871683847972e-05,9.640510172890836e-18
Titan,pole,31,11788.458871503444,0.2318237120625969,44.93145046924096,0.0,8.787505758311268e-06,9.640510172890836e-18
Triton,equator,0,0.0,0.0021630469712656058,41.82930002361588,0.0,0.0001849128874915763,1.2941952286107604e-15
Triton,equator,1,500.66175721987844,0.002093233818947419,41.4395010788281,0.0,0.00015307241345673445,1.2941952286107604e-15
Triton,equator,2,996.6490288054625,0.0020256739123059777,41.05185135907246,0.0,0.000126340824238162,1.2941952286107604e-15
Triton,equator,3,1487.9888956495165,0.001960294526991913,40.66655644008856,0.0,0.00010397753974148822,1.2941952286107604e-15
Triton,equator,4,1974.7107362649076,0.001897025285861508,40.28379288051858,0.0,8.533210630145293e-05,1.2941952286107604e-15
Triton,equator,5,2456.845891544223,0.0018357980832197586,39.90371049976807,0.0,6.983717221541097e-05,1.2941952286107604e-15
Triton,equator,6,2934.427357794737,0.0017765470115085101,39.52643480282667,0.0,5.7001005040449434e-05,1.2941952286107604e-15
Triton,equator,7,3407.48950915482,0.0017192082903607696,39.15206944210073,0.0,4.639989523213057e-05,1.2941952286107604e-15
Triton,equator,8,3876.067849331712,0.0016637201979448103,38.78069863222803,0.0,3.7670708099723886e-05,1.2941952286107604e-15
Triton,equator,9,4340.198791730169,0.0016100230045241765,38.412389457169795,0.0,3.050377233783566e-05,1.2941952286107604e-15
Triton,equator,10,4799.919466431454,0.0015580589081620594,38.047194028793456,0.0,2.4636230867363376e-05,1.2941952286107604e-15
Triton,equator,11,5255.267552089324,0.0015077719725008413,37.68515147242633,0.0,1.984592894765149e-05,1.2941952286107604e-15
Triton,equator,12,5706.281130591572,0.0014591080665498277,37.32628972760882,0.0,1.594587493764617e-05,1.2941952286107604e-15
Triton,equator,13,6152.9985622517015,0.0014120148064163517,36.970627161861856,0.0,1.277927946512592e-05,1.2941952286107604e-15
Triton,equator,14,6595.458379310451,0.001366441498917531,36.61817400217027,0.0,1.0215157593977993e-05,1.2941952286107604e-15
Triton,equator,15,7033.699195611592,0.001322339087011975,36.26893359355932,0.0,8.14446429261589e-06,1.2941952286107604e-15
Triton,equator,16,7467.7596304467,0.0012796600969927048,35.92290349706998,0.0,6.4767246314335016e-06,1.2941952286107604e-15
Triton,equator,17,7897.678244721287,0.0012383585873844375,35.58007644103186,0.0,5.1371153782028475e-06,1.2941952286107604e-15
Triton,equator,18,8323.493487765172,0.0011983900994902434,35.24044114013987,0.0,4.063952927537817e-06,1.2941952286107604e-15
Triton,equator,19,8745.820964845778,0.001159711609534305,35.0,0.0,3.4649846703473758e-06,1.2941952286107604e-15
Triton,equator,20,9166.702766209472,0.0011222814823493108,35.0,0.0,3.4649846703473758e-06,1.2941952286107604e-15
Triton,equator,21,9587.584567573165,0.0010860594265585896,35.0,0.0,3.4649846703473758e-06,1.2941952286107604e-15
Triton,equator,22,10008.466368936855,0.0010510064512047653,35.0,0.0,3.4649846703473758e-06,1.2941952286107604e-15
Triton,equator,23,10429.34817030055,0.0010170848237782354,35.0,0.0,3.4649846703473758e-06,1.2941952286107604e-15
Triton,equator,24,10850.22997166424,0.0009842580296002983,35.0,0.0,3.4649846703473758e-06,1.2941952286107604e-15
Triton,equator,25,11271.111773027933,0.0009524907325172029,35.0,0.0,3.4649846703473758e-06,1.2941952286107604e-15
Triton,equator,26,11691.993574391627,0.0009217487368628146,35.0,0.0,3.4649846703473758e-06,1.2941952286107604e-15
Triton,equator,27,12112.87537575532,0.0008919989506489495,35.0,0.0,3.4649846703473758e-06,1.2941952286107604e-15
Triton,equator,28,12533.757177119014,0.0008632093499437545,35.0,0.0,3.4649846703473758e-06,1.2941952286107604e-15
Triton,equator,29,12954.638978482708,0.0008353489443997887,35.0,0.0,3.4649846703473758e-06,1.2941952286107604e-15
Triton,equator,30,13375.520779846402,0.0008083877438946989,35.0,0.0,3.4649846703473758e-06,1.2941952286107604e-15
Triton,equator,31,13796.402581210095,0.0007822967262485794,35.0,0.0,3.4649846703473758e-06,1.2941952286107604e-15
Triton,midlatitude,0,0.0,0.0021630469712656058,38.72621392380745,0.0,2.7956275125911048e-05,1.2941952286107604e-15
Triton,midlatitude,1,463.475429927985,0.002093233818947419,38.357850984297706,0.0,2.2621104090223375e-05,1.2941952286107604e-15
Triton,midlatitude,2,922.5405629149855,0.0020256739123059777,37.99270445661536,0.0,1.8257570700801783e-05,1.2941952286107604e-15
Triton,midlatitude,3,1377.2342042961939,0.001960294526991913,37.63079552261237,0.0,1.4698351689392264e-05,1.2941952286107604e-15
Triton,midlatitude,4,1827.595363235857,0.001897025285861508,37.272136900770576,0.0,1.1802955176206291e-05,1.2941952286107604e-15
Triton,midlatitude,5,2273.663158562954,0.0018357980832197586,36.916734111770516,0.0,9.453831601473899e-06,1.2941952286107604e-15
Triton,midlatitude,6,2715.4767389012723,0.0017765470115085101,36.564586590327536,0.0,7.552958478593657e-06,1.2941952286107604e-15
Triton,midlatitude,7,3153.0752153154526,0.0017192082903607696,36.21568865498564,0.0,6.01886249385804e-06,1.2941952286107604e-15
Triton,midlatitude,8,3586.49760484154,0.0016637201979448103,35.87003034859996,0.0,4.784039374777816e-06,1.2941952286107604e-15
Triton,midlatitude,9,4015.7827834252507,0.0016100230045241765,35.52759816252898,0.0,3.792731151750999e-06,1.2941952286107604e-15
Triton,midlatitude,10,4440.969446946462,0.0015580589081620594,35.1883756573175,0.0,2.9990212616722955e-06,1.2941952286107604e-15
Triton,midlatitude,11,4862.983875252797,0.0015077719725008413,35.0,0.0,2.665113175167478e-06,1.2941952286107604e-15
Triton,midlatitude,12,5283.865676616488,0.0014591080665498277,35.0,0.0,2.665113175167478e-06,1.2941952286107604e-15
Triton,midlatitude,13,5704.747477980181,0.0014120148064163517,35.0,0.0,2.665113175167478e-06,1.2941952286107604e-15
Triton,midlatitude,14,6125.629279343875,0.001366441498917531,35.0,0.0,2.665113175167478e-06,1.2941952286107604e-15
Triton,midlatitude,15,6546.511080707566,0.001322339087011975,35.0,0.0,2.665113175167478e-06,1.2941952286107604e-15
Triton,midlatitude,16,6967.392882071249,0.0012796600969927048,35.0,0.0,2.665113175167478e-06,1.2941952286107604e-15
Triton,midlatitude,17,7388.274683434954,0.0012383585873844375,35.0,0.0,2.665113175167478e-06,1.2941952286107604e-15
Triton,midlatitude,18,7809.1564847986365,0.0011983900994902434,35.0,0.0,2.665113175167478e-06,1.2941952286107604e-15
Triton,midlatitude,19,8230.038286162327,0.001159711609534305,35.0,0.0,2.665113175167478e-06,1.2941952286107604e-15
Triton,midlatitude,20,8650.920087526021,0.0011222814823493108,35.0,0.0,2.665113175167478e-06,1.2941952286107604e-15
Triton,midlatitude,21,9071.801888889715,0.0010860594265585896,35.0,0.0,2.665113175167478e-06,1.2941952286107604e-15
Triton,midlatitude,22,9492.683690253405,0.0010510064512047653,35.0,0.0,2.665113175167478e-06,1.2941952286107604e-15
Triton,midlatitude,23,9913.565491617099,0.0010170848237782354,35.0,0.0,2.665113175167478e-06,1.2941952286107604e-15
Triton,midlatitude,24,10334.447292980789,0.0009842580296002983,35.0,0.0,2.665113175167478e-06,1.2941952286107604e-15
Triton,midlatitude,25,10755.329094344483,0.0009524907325172029,35.0,0.0,2.665113175167478e-06,1.2941952286107604e-15
Triton,midlatitude,26,11176.210895708176,0.0009217487368628146,35.0,0.0,2.665113175167478e-06,1.2941952286107604e-15
Triton,midlatitude,27,11597.09269707187,0.0008919989506489495,35.0,0.0,2.665113175167478e-06,1.2941952286107604e-15
Triton,midlatitude,28,12017.974498435564,0.0008632093499437545,35.0,0.0,2.665113175167478e-06,1.2941952286107604e-15
Triton,midlatitude,29,12438.856299799258,0.0008353489443997887,35.0,0.0,2.665113175167478e-06,1.2941952286107604e-15
Triton,midlatitude,30,12859.738101162951,0.0008083877438946989,35.0,0.0,2.665113175167478e-06,1.2941952286107604e-15
Triton,midlatitude,31,13280.619902526645,0.0007822967262485794,35.0,0.0,2.665113175167478e-06,1.2941952286107604e-15
Triton,pole,0,0.0,0.0021630469712656058,30.970289821048397,0.0,4.749926664940582e-08,1.2941952286107604e-15
Triton,pole,1,396.65277737668,0.002093233818947419,35.0,0.0,4.749926664940582e-08,1.2941952286107604e-15
Triton,pole,2,817.5345787403735,0.0020256739123059777,35.0,0.0,4.749926664940582e-08,1.2941952286107604e-15
Triton,pole,3,1238.416380104067,0.001960294526991913,35.0,0.0,4.749926664940582e-08,1.2941952286107604e-15
Triton,pole,4,1659.2981814677605,0.001897025285861508,35.0,0.0,4.749926664940582e-08,1.2941952286107604e-15
Triton,pole,5,2080.179982831451,0.0018357980832197586,35.0,0.0,4.749926664940582e-08,1.2941952286107604e-15
Triton,pole,6,2501.0617841951444,0.0017765470115085101,35.0,0.0,4.749926664940582e-08,1.2941952286107604e-15
Triton,pole,7,2921.943585558835,0.0017192082903607696,35.0,0.0,4.749926664940582e-08,1.2941952286107604e-15
Triton,pole,8,3342.825386922528,0.0016637201979448103,35.0,0.0,4.749926664940582e-08,1.2941952286107604e-15
Triton,pole,9,3763.7071882862215,0.0016100230045241765,35.0,0.0,4.749926664940582e-08,1.2941952286107604e-15
Triton,pole,10,4184.588989649915,0.0015580589081620594,35.0,0.0,4.749926664940582e-08,1.2941952286107604e-15
Triton,pole,11,4605.4707910136085,0.0015077719725008413,35.0,0.0,4.749926664940582e-08,1.2941952286107604e-15
Triton,pole,12,5026.3525923772995,0.0014591080665498277,35.0,0.0,4.749926664940582e-08,1.2941952286107604e-15
Triton,pole,13,5447.234393740993,0.0014120148064163517,35.0,0.0,4.749926664940582e-08,1.2941952286107604e-15
Triton,pole,14,5868.116195104687,0.001366441498917531,35.0,0.0,4.749926664940582e-08,1.2941952286107604e-15
Triton,pole,15,6288.997996468378,0.001322339087011975,35.0,0.0,4.749926664940582e-08,1.2941952286107604e-15
Triton,pole,16,6709.879797832061,0.0012796600969927048,35.0,0.0,4.749926664940582e-08,1.2941952286107604e-15
Triton,pole,17,7130.7615991957655,0.0012383585873844375,35.0,0.0,4.749926664940582e-08,1.2941952286107604e-15
Triton,pole,18,7551.643400559448,0.0011983900994902434,35.0,0.0,4.749926664940582e-08,1.2941952286107604e-15
Triton,pole,19,7972.525201923139,0.001159711609534305,35.0,0.0,4.749926664940582e-08,1.2941952286107604e-15
Triton,pole,20,8393.407003286833,0.0011222814823493108,35.0,0.0,4.749926664940582e-08,1.2941952286107604e-15
Triton,pole,21,8814.288804650527,0.0010860594265585896,35.0,0.0,4.749926664940582e-08,1.2941952286107604e-15
Triton,pole,22,9235.170606014217,0.0010510064512047653,35.0,0.0,4.749926664940582e-08,1.2941952286107604e-15
Triton,pole,23,9656.05240737791,0.0010170848237782354,35.0,0.0,4.749926664940582e-08,1.2941952286107604e-15
Triton,pole,24,10076.9342087416,0.0009842580296002983,35.0,0.0,4.749926664940582e-08,1.2941952286107604e-15
Triton,pole,25,10497.816010105294,0.0009524907325172029,35.0,0.0,4.749926664940582e-08,1.2941952286107604e-15
Triton,pole,26,10918.697811468988,0.0009217487368628146,35.0,0.0,4.749926664940582e-08,1.2941952286107604e-15
Triton,pole,27,11339.579612832682,0.0008919989506489495,35.0,0.0,4.749926664940582e-08,1.2941952286107604e-15
Triton,pole,28,11760.461414196376,0.0008632093499437545,35.0,0.0,4.749926664940582e-08,1.2941952286107604e-15
Triton,pole,29,12181.34321556007,0.0008353489443997887,35.0,0.0,4.749926664940582e-08,1.2941952286107604e-15
Triton,pole,30,12602.225016923763,0.0008083877438946989,35.0,0.0,4.749926664940582e-08,1.2941952286107604e-15
Triton,pole,31,13023.106818287457,0.0007822967262485794,35.0,0.0,4.749926664940582e-08,1.2941952286107604e-15
Super Titan,equator,0,0.0,14.92458038373322,80.11028763330918,0.0,0.00036615465998070875,1.4822706900129853e-12
Super Titan,equator,1,1289.192757840778,14.442683619262755,79.35482027761672,0.0,0.00036615465998070875,1.4822706900129853e-12
Super Titan,equator,2,2566.2279879467515,13.97634672218128,78.6064772369452,0.0,0.00036615465998070875,1.4822706900129853e-12
Super Titan,equator,3,3831.2203399541095,13.525067283070387,77.86519132657227,0.0,0.00036615465998070875,1.4822706900129853e-12
Super Titan,equator,4,5084.283382313774,13.08835911470803,77.1308959953505,0.0,0.00036615465998070875,1.4822706900129853e-12
Super Titan,equator,5,6325.5296124874785,12.665751728273248,76.40352531973244,0.0,0.00036615465998070875,1.4822706900129853e-12
Super Titan,equator,6,7555.070467047428,12.2567898264637,75.68301399785223,0.0,0.00036615465998070875,1.4822706900129853e-12
Super Titan,equator,7,8773.01633168098,11.861032812979753,74.96929734366287,0.0,0.00036615465998070875,1.3674532854889166e-12
Super Titan,equator,8,9979.47655110406,11.478054317846798,74.26231128154005,0.0,0.00036615465998070875,9.61646566474403e-13
Super Titan,equator,9,11174.559438873643,11.107441738064306,73.56199233917312,0.0,0.00036615465998070875,6.737940502824419e-13
Super Titan,equator,10,12358.372287108916,10.748795793086757,72.86827764338082,0.0,0.00036615465998070875,4.703621957132751e-13
Super Titan,equator,11,13531.021376128176,10.401730094657617,72.18110491388819,0.0,0.00036615465998070875,3.2712663294569715e-13
Super Titan,equator,12,14692.61198399044,10.065870730532787,71.50041245773767,0.0,0.00036615465998070875,2.2665338845870656e-13
Super Titan,equator,13,15843.248395946881,9.740855861645176,70.82613916375242,0.0,0.00036615465998070875,1.5644286493858898e-13
Super Titan,equator,14,16983.03391380339,9.42633533227631,70.15822449705125,0.0,0.00036615465998070875,1.07567432428445e-13
Super Titan,equator,15,18112.07086519465,9.121970292815059,69.49660849361499,0.0,0.00036615465998070875,7.36752226870379e-14
Super Titan,equator,16,19230.46061277092,8.827432834697014,68.84123175490376,0.0,0.00036615465998070875,5.026453733990719e-14
Super Titan,equator,17,20338.30356329817,8.542405637131223,68.19203544252483,0.0,0.00036615465998070875,3.4157439745344937e-14
Super Titan,equator,18,21435.699176672286,8.266581625233739,67.54896127295065,0.0,0.00036615465998070875,2.311936913716136e-14
Super Titan,equator,19,22522.745974848436,7.999663639199573,66.91195151228658,0.0,0.0003446593245371291,1.558537285421583e-14
Super Titan,equator,20,23599.623352537154,7.741364114156715,66.29106735013968,0.0,0.00031023485069628793,1.0537158936012735e-14
Super Titan,equator,21,24666.50187200053,7.491404770357279,65.67515507808781,0.0,0.00027883752574449626,7.091911391499439e-15
Super Titan,equator,22,25723.462058490742,7.2495163133720135,65.06423138768002,0.0,0.00025024727127541017,4.751475973534944e-15
Super Titan,equator,23,26770.584680470387,7.015438143965155,64.45830967097884,0.0,0.0002242550870365284,3.1689182393032774e-15
Super Titan,equator,24,27807.950696564625,6.788918077337068,63.85740005784158,0.0,0.00020066300832330012,2.1037896226049874e-15
Super Titan,equator,25,28835.641203258845,6.569712071432236,63.261509470867686,0.0,0.00017928400121747576,1.3902521293778452e-15
Super Titan,equator,26,29853.73738361319,6.357583964019824,62.670641696210815,0.0,0.00015994180158159923,9.14483098445281e-16
Super Titan,equator,27,30862.320457235353,6.152305218263617,62.084797468424064,0.0,0.0001424707038507324,5.987412102348436e-16
Super Titan,equator,28,31861.47163172396,5.953654676507188,61.50397456750566,0.0,0.00012671530568790387,3.901881523463322e-16
Super Titan,equator,29,32851.27205576507,5.761418322009052,60.928167926339285,0.0,0.0001125302145024727,2.5308718650995333e-16
Super Titan,equator,30,33831.80277403567,5.575389048371109,60.357369746773315,0.0,9.97797216824227e-05,1.6338668034891198e-16
Super Titan,equator,31,34803.14468404044,5.3953664364119485,59.791569622653434,0.0,8.833745017474262e-05,1.0497898340282349e-16
Super Titan,midlatitude,0,0.0,14.92458038373322,78.84885228549567,0.0,0.00036615465998070875,1.4822706900129853e-12
Super Titan,midlatitude,1,1268.8928267965987,14.442683619262755,78.10528069568726,0.0,0.00036615465998070875,1.4822706900129853e-12
Super Titan,midlatitude,2,2525.8195611369283,13.97634672218128,77.36872123976723,0.0,0.00036615465998070875,1.4822706900129853e-12
Super Titan,midlatitude,3,3770.893047357162,13.525067283070387,76.6391077909196,0.0,0.00036615465998070875,1.4822706900129853e-12
Super Titan,midlatitude,4,5004.225065632799,13.08835911470803,75.91637484592688,0.0,0.00036615465998070875,1.4822706900129853e-12
Super Titan,midlatitude,5,6225.926342014197,12.665751728273248,75.20045751928926,0.0,0.00036615465998070875,1.4500231900496563e-12
Super Titan,midlatitude,6,7436.106558370714,12.2567898264637,74.49129153783386,0.0,0.00036615465998070875,1.020920075033181e-12
Super Titan,midlatitude,7,8634.874362233295,11.861032812979753,73.7888132335113,0.0,0.00036615465998070875,7.161799051327382e-13
Super Titan,midlatitude,8,9822.337376545292,11.478054317846798,73.09295953927898,0.0,0.00036615465998070875,5.005540823260503e-13
Super Titan,midlatitude,9,10998.602209329467,11.107441738064306,72.40366798282827,0.0,0.00036615465998070875,3.4854842646167996e-13
Super Titan,midlatitude,10,12163.774463258937,10.748795793086757,71.72087668097856,0.0,0.00036615465998070875,2.417926504238072e-13
Super Titan,midlatitude,11,13317.958745137765,10.401730094657617,71.04452433412365,0.0,0.00036615465998070875,1.6709958741748548e-13
Super Titan,midlatitude,12,14461.258675292394,10.065870730532787,70.3745502207297,0.0,0.00036615465998070875,1.1503878482487264e-13
Super Titan,midlatitude,13,15593.776896874293,9.740855861645176,69.71089419188496,0.0,0.00036615465998070875,7.889218494436016e-14
Super Titan,midlatitude,14,16715.61508507513,9.42633533227631,69.05349666590048,0.0,0.00036615465998070875,5.389251945449409e-14
Super Titan,midlatitude,15,17826.873956254836,9.121970292815059,68.40229862296155,0.0,0.00036615465998070875,3.667006300299482e-14
Super Titan,midlatitude,16,18927.65327698374,8.827432834697014,67.75724159982947,0.0,0.00036615465998070875,2.4852334988932507e-14
Super Titan,midlatitude,17,20018.051872999436,8.542405637131223,67.11826768459306,0.0,0.00033772117691361654,1.6775623413047596e-14
Super Titan,midlatitude,18,21098.24751422315,8.266581625233739,66.49519969258365,0.0,0.00030410043518252903,1.1354582451166724e-14
Super Titan,midlatitude,19,22168.409345622305,7.999663639199573,65.87714795544697,0.0,0.0002734259466087804,7.650836696145925e-15
Super Titan,midlatitude,20,23228.618590834765,7.741364114156715,65.26412682112814,0.0,0.00024548425862956603,5.131964966722375e-15
Super Titan,midlatitude,21,24278.95667982322,7.491404770357279,64.65614746277828,0.0,0.00022007263622546224,3.42678542222411e-15
Super Titan,midlatitude,22,25319.505197841292,7.2495163133720135,64.05321791576924,0.0,0.00019699901703153683,2.2777698343952947e-15
Super Titan,midlatitude,23,26350.345835133456,7.015438143965155,63.455343131443136,0.0,0.00017608190751070498,1.5071045561838749e-15
Super Titan,midlatitude,24,27371.56033762557,6.788918077337068,62.86252504589302,0.0,0.00015715022577986987,9.92608837875482e-16
Super Titan,midlatitude,25,28383.23045883492,6.569712071432236,62.27476266204338,0.0,0.00014004309679784411,6.507352522719196e-16
Super Titan,midlatitude,26,29385.437913201087,6.357583964019824,61.69205214329882,0.0,0.00012460960564639054,4.2463112510824035e-16
Super Titan,midlatitude,27,30378.26433101066,6.152305218263617,61.114386917054844,0.0,0.00011070851457224114,2.757973301577711e-16
Super Titan,midlatitude,28,31361.791215061963,5.953654676507188,60.541757786411466,0.0,9.82079493193542e-05,1.7829044330355657e-16
Super Titan,midlatitude,29,32336.09989918949,5.761418322009052,59.97415304849633,0.0,8.698506007827373e-05,1.1471347661894685e-16
Super Titan,midlatitude,30,33301.27150874269,5.575389048371109,59.411558617884964,0.0,7.692566212427679e-05,7.34577022328777e-17
Super Titan,midlatitude,31,34257.386923090184,5.3953664364119485,58.85395815369881,0.0,6.792386091895736e-05,4.681493776491048e-17
Super Titan,pole,0,0.0,14.92458038373322,75.52495352787889,0.0,0.00036615465998070875,1.4632185495105905e-12
Super Titan,pole,1,1215.4022410999485,14.442683619262755,74.81272743830714,0.0,0.00036615465998070875,1.0319103262186115e-12
Super Titan,pole,2,2419.3428242302416,13.97634672218128,74.10721788373222,0.0,0.00036615465998070875,7.250953607382602e-13
Super Titan,pole,3,3611.9298367359247,13.525067283070387,73.40836152497185,0.0,0.00036615465998070875,5.07637462285056e-13
Super Titan,pole,4,4793.270346661915,13.08835911470803,72.71609562014423,0.0,0.00036615465998070875,3.540808108282405e-13
Super Titan,pole,5,5963.470412365341,12.665751728273248,72.03035801903779,0.0,0.00036615465998070875,2.4605147964785374e-13
Super Titan,pole,6,7122.635092037019,12.2567898264637,71.35108715753353,0.0,0.00036615465998070875,1.703369876778862e-13
Super Titan,pole,7,8270.868453133411,11.861032812979753,70.67822205207932,0.0,0.00036615465998070875,1.174723663736362e-13
Super Titan,pole,8,9408.273581719435,11.478054317846798,70.01170229421604,0.0,0.00036615465998070875,8.070314832134996e-14
Super Titan,pole,9,10534.952591723326,11.107441738064306,69.35146804515497,0.0,0.00036615465998070875,5.522774682806299e-14
Super Titan,pole,10,11651.00663410423,10.748795793086757,68.69746003040618,0.0,0.00036615465998070875,3.7646117378433535e-14
Super Titan,pole,11,12756.535905933215,10.401730094657617,68.0496195344574,0.0,0.00033913493377188875,2.556011805356249e-14
Super Titan,pole,12,13851.718469871194,10.065870730532787,67.41763676089909,0.0,0.0003059315851523936,1.7397726793633308e-14
Super Titan,pole,13,14936.72398405832,9.740855861645176,66.79078191932057,0.0,0.00027558262333772813,1.1789724359757547e-14
Super Titan,pole,14,16011.635441986713,9.42633533227631,66.16906492339008,0.0,0.0002478860900924499,7.954032260649968e-15
Super Titan,pole,15,17076.535974293984,9.121970292815059,65.55249282348831,0.0,0.0002226498077542981,5.3423760445326044e-15
Super Titan,pole,16,18131.50880268116,8.827432834697014,64.94106983321076,0.0,0.00019969136274697183,3.572198597034212e-15
Super Titan,pole,17,19176.637194382776,8.542405637131223,64.33479737116653,0.0,0.00017883803530849504,2.377831818874932e-15
Super Titan,pole,18,20212.004417424676,8.266581625233739,63.73367411663517,0.0,0.00015992668013692848,1.5756550363925014e-15
Super Titan,pole,19,21237.693696882056,7.999663639199573,63.13769607760687,0.0,0.00014280356279900246,1.0393585051257762e-15
Super Titan,pole,20,22253.78817232565,7.741364114156715,62.546856669719666,0.0,0.00012732415680893983,6.824695011253862e-16
Super Titan,pole,21,23260.370856620382,7.491404770357279,61.96114680461676,0.0,0.00011335290627166059,4.460708267540469e-16
Super Titan,pole,22,24257.524596217114,7.2495163133720135,61.38055498627619,0.0,0.00010076295890508596,2.9021227340781676e-16
Super Titan,pole,23,25245.332033055118,7.015438143965155,60.80506741391116,0.0,8.943587411901677e-05,1.8793488417769313e-16
Super Titan,pole,24,26223.875568170628,6.788918077337068,60.23466809009949,0.0,7.926131064195618e-05,1.2113414629660403e-16
Super Titan,pole,25,27193.23732708562,6.569712071432236,59.66933893287239,0.0,7.013669796100382e-05,7.77106950158039e-17
Super Titan,pole,26,28153.499127031493,6.357583964019824,59.10905989057349,0.0,6.196689558204006e-05,4.961775143486276e-17
Super Titan,pole,27,29104.742446043314,6.152305218263617,58.55380905838685,0.0,5.466384383585641e-05,3.152986122054128e-17
Super Titan,pole,28,30047.048393943536,5.953654676507188,58.00356279552453,0.0,4.814620965801064e-05,1.9939851410208155e-17
Super Titan,pole,29,30980.49768521849,5.761418322009052,57.45829584215916,0.0,4.233903046275208e-05,1.254938381592828e-17
Super Titan,pole,30,31905.170613776805,5.575389048371109,56.91798143528206,0.0,3.7173358920310713e-05,7.859751628958277e-18
Super Titan,pole,31,32821.147029566724,5.3953664364119485,56.3825914227623,0.0,3.258591113737473e-05,4.898533139653162e-18
Cold Water World,equator,0,0.0,41.92461809363123,224.18367218027183,6.568308362585439e-07,0.12361982988946049,0.04667089200897962
Cold Water World,equator,1,2305.8168787267546,39.380920051904305,220.33371824334907,6.568308362585439e-07,0.12361982988946049,0.04667089200897962
Cold Water World,equator,2,4572.035473226368,36.991556146579896,216.54988038514105,6.568308362585439e-07,0.12361982988946049,0.04667089200897962
Cold Water World,equator,3,6799.335813265406,34.747162441660706,212.83102318015014,5.571805621982018e-07,0.12361982988946049,0.04667089200897962
Cold Water World,equator,4,8988.387861053954,32.6389431405087,209.17634122155596,3.711611402284807e-07,0.12361982988946049,0.04667089200897962
Cold Water World,equator,5,11139.849557521695,30.658636115048637,205.5843224432499,2.44910126989992e-07,0.12361982988946049,0.04667089200897962
Cold Water World,equator,6,13254.365576165395,28.7984805264229,202.05392120403533,1.6005425552892206e-07,0.12361982988946049,0.04667089200897962
Cold Water World,equator,7,15332.569789606741,27.051186410202895,198.58410094299427,1.0358129978285966e-07,0.12361982988946049,0.04667089200897962
Cold Water World,equator,8,17375.085375582086,25.409906106960822,195.17383645170662,6.637208451837389e-08,0.12361982988946049,0.04216981587351545
Cold Water World,equator,9,19392.404444158485,23.86820742623844,193.72669432702543,5.663731920247225e-08,0.12361982988946049,0.03997659656750119
Cold Water World,equator,10,21394.684048563806,22.420048438741834,192.27451542219293,4.812109231248985e-08,0.12361982988946049,0.03781571103562348
Cold Water World,equator,11,23381.865844449618,21.059753797972906,190.8161256230974,4.06959326805162e-08,0.12361982988946049,0.03568889882904999
Cold Water World,equator,12,25353.87886484316,19.781992498501644,189.3502656433187,3.424547844431973e-08,0.12361982988946049,0.033598031612840924
Cold Water World,equator,13,27310.638594853215,18.58175698371375,187.87558298972684,2.86636421108175e-08,0.12361982988946049,0.031545124050546824
Cold Water World,equator,14,29252.045960907093,17.4543435211568,186.39062352013042,2.385383059301404e-08,0.12361982988946049,0.029532345069738765
Cold Water World,equator,15,31177.98623104788,16.395333768575657,184.89382273975116,1.9728217391177165e-08,0.12361982988946049,0.02756202926094853
Cold Water World,equator,16,33088.32782481397,15.400577458394249,183.38349707391458,1.6207064242770344e-08,0.12361982988946049,0.02563668803229493
Cold Water World,equator,17,34982.9210343423,14.466176132784264,181.8578354810303,1.3218089723795839e-08,0.12361982988946049,0.02375901996432863
Cold Water World,equator,18,36861.59666301874,13.588467865578131,180.31489194424827,1.0695882445916428e-08,0.12361982988946049,0.02193191957065488
Cold Water World,equator,19,38724.16459480731,12.76401291115146,178.7525796160078,8.581356657316002e-09,0.12361982988946049,0.02015848335411494
Cold Water World,equator,20,40570.412317045186,11.989580224032828,177.16866770260268,6.821248216952319e-09,0.12361982988946049,0.018442011639625725
Cold Water World,equator,21,42400.10343287178,11.262134796411079,175.56078258125305,5.367649064977641e-09,0.12361982988946049,0.01678600414973559
Cold Water World,equator,22,44212.97621758406,10.578825763915745,173.9264151511567,4.177578445260833e-09,0.12361982988946049,0.01519414666280699
Cold Water World,equator,23,46008.74229714822,9.936975233057106,172.26293703187557,3.2125892311691363e-09,0.12361982988946049,0.013670285371002013
Cold Water World,equator,24,47787.08555778499,9.334067786540475,170.56762891150558,2.4384077362592295e-09,0.12361982988946049,0.012218384786776575
Cold Water World,equator,25,49547.66143341207,8.767740625325949,168.83772504213582,1.8246053200754252e-09,0.12361982988946049,0.010842464344438816
Cold Water World,equator,26,51290.09676207977,8.235774308800355,167.07047843540255,1.34429987855129e-09,0.12361982988946049,0.00954650841312018
Cold Water World,equator,27,53013.9904506024,7.736084056771969,165.26325147162024,9.738848862374036e-10,0.12361982988946049,0.008334344612225097
Cold Water World,equator,28,54718.91523223367,7.266711579200491,163.41363600861126,6.927829899037617e-10,0.12361982988946049,0.007209486579183447
Cold Water World,equator,29,56404.42083453244,6.825817401642924,161.5196051306258,4.832202311144157e-10,0.12361982988946049,0.006174940277707031
Cold Water World,equator,30,58070.03887678559,6.411673656338722,159.57969482493166,3.300158663814867e-10,0.12361982988946049,0.005232978134457213
Cold Water World,equator,31,59715.28976647393,6.022657310682411,157.5932076825044,2.2038165045384934e-10,0.12361982988946049,0.004384893032611211
Cold Water World,midlatitude,0,0.0,41.92461809363123,220.6613153701217,4.389277567377308e-07,0.12361982988946049,0.04667089200897962
Cold Water World,midlatitude,1,2269.5880592647763,39.380920051904305,216.8718516167016,4.389277567377308e-07,0.12361982988946049,0.04667089200897962
Cold Water World,midlatitude,2,4500.199999533095,36.991556146579896,213.14746513119502,4.389277567377308e-07,0.12361982988946049,0.04667089200897962
Cold Water World,midlatitude,3,6692.5051659955425,34.747162441660706,209.48703832782337,3.630677001613211e-07,0.12361982988946049,0.04667089200897962
Cold Water World,midlatitude,4,8847.162478179518,32.6389431405087,205.88967892392446,2.397655441068226e-07,0.12361982988946049,0.04667089200897962
Cold Water World,midlatitude,5,10964.819191108107,30.658636115048637,202.35403050883698,1.5682225006176213e-07,0.12361982988946049,0.04667089200897962
Cold Water World,midlatitude,6,13046.110135549046,28.7984805264229,198.8790543344249,1.0157522367182832e-07,0.12361982988946049,0.04667089200897962
Cold Water World,midlatitude,7,15091.65942585679,27.051186410202895,195.4637232293275,6.514235635593882e-08,0.12361982988946049,0.04053410148988394
Cold Water World,midlatitude,8,17111.856665585958,25.409906106960822,193.99166389633388,5.5414482712383935e-08,0.12361982988946049,0.0383621659275943
Cold Water World,midlatitude,9,19116.751966860826,23.86820742623844,192.51380217840585,4.6924602252004925e-08,0.12361982988946049,0.036224145957922074
Cold Water World,midlatitude,10,21106.278670421663,22.420048438741834,191.02889221513868,3.9541522202317384e-08,0.12361982988946049,0.03412188798746019
Cold Water World,midlatitude,11,23080.35672194032,21.059753797972906,189.53559755395693,3.3145560579204924e-08,0.12361982988946049,0.03205737802023449
Cold Water World,midlatitude,12,25038.891689812684,19.781992498501644,188.03248298363266,2.7627679239299137e-08,0.12361982988946049,0.03003275258784001
Cold Water World,midlatitude,13,26981.7736968949,18.58175698371375,186.5180061107522,2.288867421514404e-08,0.12361982988946049,0.028050309822309064
Cold Water World,midlatitude,14,28908.876264666334,17.4543435211568,184.99050890082864,1.8838420445292544e-08,0.12361982988946049,0.026112520318600934
Cold Water World,midlatitude,15,30820.05507121365,16.395333768575657,183.44820952353385,1.53951681752455e-08,0.12361982988946049,0.024222037268103406
Cold Water World,midlatitude,16,32715.146628791215,15.400577458394249,181.88919500330587,1.2484888473383356e-08,0.12361982988946049,0.02238170512232164
Cold Water World,midlatitude,17,34593.966893046934,14.466176132784264,180.3114153951829,1.0040665476904248e-08,0.12361982988946049,0.020594565752523577
Cold Water World,midlatitude,18,36456.30982497486,13.588467865578131,178.71268049555584,8.002133152489845e-09,0.12361982988946049,0.018863860691417367
Cold Water World,midlatitude,19,38301.94593907836,12.76401291115146,177.0906604730923,6.314954518238674e-09,0.12361982988946049,0.017193027563949474
Cold Water World,midlatitude,20,40130.620888049176,11.989580224032828,175.44289227738193,4.930341415851374e-09,0.12361982988946049,0.015585688230395854
Cold Water World,midlatitude,21,41942.05415649534,11.262134796411079,173.76679425282057,3.804613027082688e-09,0.12361982988946049,0.014045625487060141
Cold Water World,midlatitude,22,43735.9379647915,10.578825763915745,172.05969203229918,2.8987913690734094e-09,0.12361982988946049,0.012576744440641925
Cold Water World,midlatitude,23,45511.93651946624,9.936975233057106,170.31885944923346,2.1782319416790383e-09,0.12361982988946049,0.011183013987909312
Cold Water World,midlatitude,24,47269.685788207695,9.334067786540475,168.5415787619035,1.612287487939692e-09,0.12361982988946049,0.009868383371690437
Cold Water World,midlatitude,25,49008.794023281385,8.767740625325949,166.7252247086595,1.1740024117452542e-09,0.12361982988946049,0.008636668840808248
Cold Water World,midlatitude,26,50728.84330167532,8.235774308800355,164.86737645830675,8.398347261306674e-10,0.12361982988946049,0.007491406444091024
Cold Water World,midlatitude,27,52429.39238409277,7.736084056771969,162.965959908325,5.894014644914458e-10,0.12361982988946049,0.006435669483036884
Cold Water World,midlatitude,28,54109.981203134164,7.266711579200491,161.01941946313264,4.052423301234872e-10,0.12361982988946049,0.005471853695721553
Cold Water World,midlatitude,29,55770.13725358613,6.825817401642924,159.02691294570573,2.725951643651652e-10,0.12361982988946049,0.004601440184181352
Cold Water World,midlatitude,30,57409.38405221088,6.411673656338722,156.98851564605238,1.7917592218396234e-10,0.12361982988946049,0.003824755141391749
Cold Water World,midlatitude,31,59027.25164291724,6.022657310682411,154.9054105831891,1.1495575447764004e-10,0.12361982988946049,0.003140755180005031
Cold Water World,pole,0,0.0,41.92461809363123,211.37985877749128,1.4148084897476806e-07,0.12361982988946049,0.04667089200897962
Cold Water World,pole,1,2174.124642762046,39.380920051904305,207.74978745440143,1.4148084897476806e-07,0.12361982988946049,0.04667089200897962
Cold Water World,pole,2,4310.912580105896,36.991556146579896,204.18205611908022,1.4148084897476806e-07,0.12361982988946049,0.04667089200897962
Cold Water World,pole,3,6411.005003223681,34.747162441660706,200.67559419364383,1.0909538772355521e-07,0.12361982988946049,0.04667089200897962
Cold Water World,pole,4,8475.032429666047,32.6389431405087,197.22941458206208,7.032731441835901e-08,0.12361982988946049,0.038597424442942736
Cold Water World,pole,5,10513.26848548027,30.658636115048637,195.70351125295713,5.959618722702696e-08,0.12361982988946049,0.03645064064215486
Cold Water World,pole,6,12535.639510626366,28.7984805264229,194.17094012268214,5.025807353648439e-08,0.12361982988946049,0.03434008685279288
Cold Water World,pole,7,14542.069354888114,27.051186410202895,192.6303564884348,4.216314040067901e-08,0.12361982988946049,0.03226775174040243
Cold Water World,pole,8,16532.46741888555,25.409906106960822,191.08031953061013,3.517477113770441e-08,0.12361982988946049,0.03023577122468539
Cold Water World,pole,9,18506.72761604628,23.86820742623844,189.51928443434588,2.9168573544423278e-08,0.12361982988946049,0.028246438822383525
Cold Water World,pole,10,20464.72725317914,22.420048438741834,187.94559457603833,2.4031453453913033e-08,0.12361982988946049,0.02630221565772867
Cold Water World,pole,11,22406.325832133793,21.059753797972906,186.35747412372334,1.966075050669584e-08,0.12361982988946049,0.024405739614444123
Cold Water World,pole,12,24331.363779467112,19.781992498501644,184.75302155777652,1.596343318892636e-08,0.12361982988946049,0.022559832888179244
Cold Water World,pole,13,26239.661117383643,18.58175698371375,183.13020482896295,1.2855350376349575e-08,0.12361982988946049,0.020767506917133693
Cold Water World,pole,14,28131.016098088297,17.4543435211568,181.48685914699152,1.0260536806705612e-08,0.12361982988946049,0.01903196330868083
Cold Water World,pole,15,30005.203835827666,16.395333768575657,179.82068874635746,8.110570076513255e-09,0.12361982988946049,0.017356588930904148
Cold Water World,pole,16,31861.974987145863,15.400577458394249,178.1292744153237,6.343976906352275e-09,0.12361982988946049,0.01574494279774206
Cold Water World,pole,17,33701.05455111616,14.466176132784264,176.41008909601507,4.90568651970047e-09,0.12361982988946049,0.014200731758928676
Cold Water World,pole,18,35522.1408882729,13.588467865578131,174.6605244455185,3.746529001681399e-09,0.12361982988946049,0.012727771355182086
Cold Water World,pole,19,37324.9050899644,12.76401291115146,172.87793182926075,2.822776401601376e-09,0.12361982988946049,0.011329927608826302
Cold Water World,pole,20,39108.99086825168,11.989580224032828,171.05968167891788,2.0957240616183915e-09,0.12361982988946049,0.010011035158655717
Cold Water World,pole,21,40874.01517797177,11.262134796411079,169.20324528181544,1.531309132819842e-09,0.12361982988946049,0.008774787284506282
Cold Water World,pole,22,42619.56982215231,10.578825763915745,167.30630256286273,1.0997624289449295e-09,0.12361982988946049,0.0076245943862421955
Cold Water World,pole,23,44345.22432077008,9.936975233057106,165.36687785115308,7.752886557221101e-10,0.12361982988946049,0.006563409862654081
Cold Water World,pole,24,46050.530327402004,9.334067786540475,163.38350251744413,5.357687134066427e-10,0.12361982988946049,0.005593526556685486
Cold Water World,pole,25,47735.02784076333,8.767740625325949,161.35539835656184,3.6247641409616387e-10,0.12361982988946049,0.004716353261262521
Cold Water World,pole,26,49398.25335881684,8.235774308800355,159.28266869556649,2.3980097802342557e-10,0.12361982988946049,0.003932188924962307
Cold Water World,pole,27,51039.74994677916,7.736084056771969,157.16647624832942,1.549666359172069e-10,0.12361982988946049,0.003240020902690282
Cold Water World,pole,28,52659.07893593358,7.266711579200491,155.00917964925472,9.774217013691959e-11,0.12361982988946049,0.0026373803876999836
Cold Water World,pole,29,54255.83266235465,6.825817401642924,152.81439739465208,6.013665191316801e-11,0.12361982988946049,0.002120289616847183
Cold Water World,pole,30,55829.64735066376,6.411673656338722,150.58697186058288,3.608278092271115e-11,0.12361982988946049,0.0016833283321248094
Cold Water World,pole,31,57380.215031454914,6.022657310682411,148.33281899509265,2.1115110533529096e-11,0.12361982988946049,0.0013198301652949565
Migrated Hot Water World,equator,0,0.0,322.7521381507984,652.1769188590076,0.06836205679818334,0.0024828185969271808,0.027641896507412205
Migrated Hot Water World,equator,1,5260.448832424033,287.4271062997859,633.783787721951,0.06836205679818334,0.0024828185969271808,0.027641896507412205
Migrated Hot Water World,equator,2,10372.538956625396,255.96837842564142,615.909392012724,0.06836205679818334,0.0024828185969271808,0.027641896507412205
Migrated Hot Water World,equator,3,15340.45448445591,227.9527898301816,598.5391020066712,0.06836205679818334,0.0024828185969271808,0.027641896507412205
Migrated Hot Water World,equator,4,20168.261524636982,203.0034909427611,581.6587005764501,0.06836205679818334,0.0024828185969271808,0.027641896507412205
Migrated Hot Water World,equator,5,24859.911510763137,180.784878156781,565.254371555684,0.06836205679818334,0.0024828185969271808,0.027641896507412205
Migrated Hot Water World,equator,6,29419.244435446846,160.99807948316285,549.3126884307927,0.06836205679818334,0.0024828185969271808,0.027641896507412205
Migrated Hot Water World,equator,7,33849.99199325207,143.37693429639617,533.8206033517421,0.06836205679818334,0.0024828185969271808,0.027641896507412205
Migrated Hot Water World,equator,8,38155.78063498814,127.68441309502069,518.7654364527217,0.06836205679818334,0.0024828185969271808,0.027641896507412205
Migrated Hot Water World,equator,9,42340.13453586519,113.70942911721656,504.13486547400515,0.06836205679818334,0.0024828185969271808,0.027641896507412205
Migrated Hot Water World,equator,10,46406.47847993889,101.26399892319765,489.91691567650486,0.06836205679818334,0.0024828185969271808,0.027641896507412205
Migrated Hot Water World,equator,11,50358.14066320668,90.18071375019129,476.09995004076086,0.06836205679818334,0.0024828185969271808,0.027641896507412205
Migrated Hot Water World,equator,12,54198.35541764894,80.31048762613034,462.67265974234573,0.06836205679818334,0.0024828185969271808,0.027641896507412205
Migrated Hot Water World,equator,13,57930.26585844501,71.52055195097802,449.6240548958876,0.06836205679818334,0.0024828185969271808,0.027641896507412205
Migrated Hot Water World,equator,14,61556.9264565306,63.69266956994836,436.9434555601373,0.06836205679818334,0.0024828185969271808,0.027641896507412205
Migrated Hot Water World,equator,15,65081.30553860227,56.72154431536306,424.62048299671585,0.06836205679818334,0.0024828185969271808,0.027641896507412205
Migrated Hot Water World,equator,16,68506.28771661506,50.51340462321752,412.64505117538914,0.06836205679818334,0.0024828185969271808,0.027641896507412205
Migrated Hot Water World,equator,17,71834.67624876181,44.98474217208134,401.0073585189166,0.05969106676526487,0.0024828185969271808,0.027641896507412205
Migrated Hot Water World,equator,18,75093.02348182489,40.06118857722991,395.5228699074516,0.056623617712602096,0.0024828185969271808,0.027641896507412205
Migrated Hot Water World,equator,19,78306.76885754429,35.67651502994311,390.1040615167674,0.0535369959927266,0.0024828185969271808,0.027641896507412205
Migrated Hot Water World,equator,20,81476.42057755675,31.77174142569504,384.74380704515124,0.05043720678935302,0.0024828185969271808,0.027641896507412205
Migrated Hot Water World,equator,21,84602.42737808124,28.29434299773971,379.43469597565695,0.047330869041462734,0.0024828185969271808,0.027641896507412205
Migrated Hot Water World,equator,22,87685.17591464493,25.197543784184596,374.16896268099765,0.044225268431380284,0.0024828185969271808,0.027641896507412205
Migrated Hot Water World,equator,23,90724.98752800333,22.439687424677793,368.9384060463347,0.04112841871648047,0.0024828185969271808,0.027641896507412205
Migrated Hot Water World,equator,24,93722.11430931663,19.98367682302798,363.7342985438465,0.03804913201082906,0.0024828185969271808,0.027641896507412205
Migrated Hot Water World,equator,25,96676.73437518498,17.7964751384214,358.5472840015557,0.034997098213448,0.0024828185969271808,0.027641896507412205
Migrated Hot Water World,equator,26,99588.94625978012,15.848661392856812,353.3672640013266,0.03198297298362055,0.0024828185969271808,0.027641896507412205
Migrated Hot Water World,equator,27,102458.7623362908,14.114034717085577,348.1832741884915,0.029018472236755778,0.0024828185969271808,0.027641896507412205
Migrated Hot Water World,equator,28,105286.10120035641,12.569261911601037,342.98335421158083,0.02611646870149887,0.0024828185969271808,0.027641896507412205
Migrated Hot Water World,equator,29,108070.77899575938,11.193563581870471,337.7544192089032,0.02329108208090048,0.0024828185969271808,0.027641896507412205
Migrated Hot Water World,equator,30,110812.49975591984,9.968434625881466,332.48214772657764,0.02055774800518646,0.0024828185969271808,0.027641896507412205
Migrated Hot Water World,equator,31,113510.84500212668,8.87739531416211,327.15091210351784,0.01793324122006205,0.0024828185969271808,0.027641896507412205
Migrated Hot Water World,midlatitude,0,0.0,322.7521381507984,644.8105596484743,0.5187762614999165,0.0024828185969271808,0.027641896507412205
Migrated Hot Water World,midlatitude,1,5201.0318941857695,287.4271062997859,626.6251795173855,0.5187762614999165,0.0024828185969271808,0.027641896507412205
Migrated Hot Water World,midlatitude,2,10255.380796515361,255.96837842564142,608.9526756808359,0.5187762614999165,0.0024828185969271808,0.027641896507412205
Migrated Hot Water World,midlatitude,3,15167.183559163059,227.9527898301816,591.778583657379,0.5151058809087988,0.0024828185969271808,0.027641896507412205
Migrated Hot Water World,midlatitude,4,19976.611640288666,203.0034909427611,583.9263286941119,0.5151058809087988,0.0024828185969271808,0.027641896507412205
Migrated Hot Water World,midlatitude,5,24686.552279363405,180.784878156781,567.4580465033821,0.4642368994896241,0.0024828185969271808,0.027641896507412205
Migrated Hot Water World,midlatitude,6,29299.267111414265,160.99807948316285,560.1586671349623,0.4642368994896241,0.0024828185969271808,0.027641896507412205
Migrated Hot Water World,midlatitude,7,33817.49816389861,143.37693429639617,544.3606964858359,0.4144733253196289,0.0024828185969271808,0.027641896507412205
Migrated Hot Water World,midlatitude,8,38243.27682110975,127.68441309502069,537.557905995011,0.4144733253196289,0.0024828185969271808,0.027641896507412205
Migrated Hot Water World,midlatitude,9,42579.21048754343,113.70942911721656,522.3973371787672,0.36586025980084647,0.0024828185969271808,0.027641896507412205
Migrated Hot Water World,midlatitude,10,46827.11453719587,101.26399892319765,516.0383300420433,0.36586025980084647,0.0024828185969271808,0.027641896507412205
Migrated Hot Water World,midlatitude,11,50989.471640395604,90.18071375019129,501.48467074846286,0.31876350717373564,0.0024828185969271808,0.027641896507412205
Migrated Hot Water World,midlatitude,12,55067.89275459677,80.31048762613034,495.5194756327253,0.31876350717373564,0.0024828185969271808,0.027641896507412205
Migrated Hot Water World,midlatitude,13,59064.74509888996,71.52055195097802,481.54450284125693,0.2736918084658769,0.0024828185969271808,0.027641896507412205
Migrated Hot Water World,midlatitude,14,62981.44330359843,63.69266956994836,475.925125937615,0.2736918084658769,0.0024828185969271808,0.027641896507412205
Migrated Hot Water World,midlatitude,15,66820.24792955763,56.72154431536306,462.50276614588,0.23119561606125075,0.0024828185969271808,0.027641896507412205
Migrated Hot Water World,midlatitude,16,70582.38116349101,50.51340462321752,457.18216300708036,0.2306039625394495,0.0024828185969271808,0.027641896507412205
Migrated Hot Water World,midlatitude,17,74301.4824122398,44.98474217208134,451.98323752078164,0.22995187099280767,0.0024828185969271808,0.027641896507412205
Migrated Hot Water World,midlatitude,18,77978.52958557139,40.06118857722991,446.9016926022088,0.22923708141140806,0.0024828185969271808,0.027641896507412205
Migrated Hot Water World,midlatitude,19,81614.46619202566,35.67651502994311,441.93341566837995,0.2284575157187252,0.0024828185969271808,0.027641896507412205
Migrated Hot Water World,midlatitude,20,85210.20281106257,31.77174142569504,437.0744695133476,0.22761127064594974,0.0024828185969271808,0.027641896507412205
Migrated Hot Water World,midlatitude,21,88766.61849234776,28.29434299773971,432.3210836211687,0.2266966117660354,0.0024828185969271808,0.027641896507412205
Migrated Hot Water World,midlatitude,22,92284.562085692,25.197543784184596,427.66964590072445,0.22571196840559934,0.0024828185969271808,0.027641896507412205
Migrated Hot Water World,midlatitude,23,95764.85350502683,22.439687424677793,423.1166948254807,0.2246559292149833,0.0024828185969271808,0.027641896507412205
Migrated Hot Water World,midlatitude,24,99208.28492965776,19.98367682302798,418.65891196071703,0.22352723822526108,0.0024828185969271808,0.027641896507412205
Migrated Hot Water World,midlatitude,25,102615.6219458928,17.7964751384214,414.29311486053024,0.22232479125893964,0.0024828185969271808,0.027641896507412205
Migrated Hot Water World,midlatitude,26,105987.60463199911,15.848661392856812,410.0162503169461,0.2210476325909103,0.0024828185969271808,0.027641896507412205
Migrated Hot Water World,midlatitude,27,109324.94858929743,14.114034717085577,405.8253879436861,0.21969495177972503,0.0024828185969271808,0.027641896507412205
Migrated Hot Water World,midlatitude,28,112628.34592206175,12.569261911601037,401.71771407747104,0.21826608060786037,0.0024828185969271808,0.027641896507412205
Migrated Hot Water World,midlatitude,29,115898.46616875422,11.193563581870471,397.69052598017095,0.21676049008437775,0.0024828185969271808,0.027641896507412205
Migrated Hot Water World,midlatitude,30,119135.95718699013,9.968434625881466,393.74122632559266,0.2151777874751005,0.0024828185969271808,0.027641896507412205
Migrated Hot Water World,midlatitude,31,122341.44599449744,8.87739531416211,389.8673179552128,0.21351771333476868,0.0024828185969271808,0.027641896507412205
Migrated Hot Water World,pole,0,0.0,322.7521381507984,618.8968275981291,0.37906338152509655,0.0024828185969271808,0.027641896507412205
Migrated Hot Water World,pole,1,4992.0121365616005,287.4271062997859,601.4422839288495,0.37906338152509655,0.0024828185969271808,0.027641896507412205
Migrated Hot Water World,pole,2,9843.236196743244,255.96837842564142,584.4800050137538,0.37906338152509655,0.0024828185969271808,0.027641896507412205
Migrated Hot Water World,pole,3,14557.642780356922,227.9527898301816,567.996107671889,0.3710295462771102,0.0024828185969271808,0.027641896507412205
Migrated Hot Water World,pole,4,19173.898561252514,203.0034909427611,560.4862205220458,0.3710295462771102,0.0024828185969271808,0.027641896507412205
Migrated Hot Water World,pole,5,23694.771654236596,180.784878156781,544.6790119924781,0.330343045536899,0.0024828185969271808,0.027641896507412205
Migrated Hot Water World,pole,6,28122.302515082156,160.99807948316285,537.6679313192719,0.330343045536899,0.0024828185969271808,0.027641896507412205
Migrated Hot Water World,pole,7,32459.123644061394,143.37693429639617,522.504259494996,0.2906823667723949,0.0024828185969271808,0.027641896507412205
Migrated Hot Water World,pole,8,36707.04901585426,127.68441309502069,515.9366201013488,0.2906823667723949,0.0024828185969271808,0.027641896507412205
Migrated Hot Water World,pole,9,40868.585728262326,113.70942911721656,501.38582929977264,0.25234430989362566,0.0024828185969271808,0.027641896507412205
Migrated Hot Water World,pole,10,44945.331399057715,101.26399892319765,495.2087409303001,0.25234430989362566,0.0024828185969271808,0.027641896507412205
Migrated Hot Water World,pole,11,48939.67736209867,90.18071375019129,481.24253168744144,0.2157431694369434,0.0024828185969271808,0.027641896507412205
Migrated Hot Water World,pole,12,52853.01118252421,80.31048762613034,475.4046452194494,0.21502387809815787,0.0024828185969271808,0.027641896507412205
Migrated Hot Water World,pole,13,56719.15398095348,71.52055195097802,469.7062917345772,0.21425000532843086,0.0024828185969271808,0.027641896507412205
Migrated Hot Water World,pole,14,60539.22644677936,63.69266956994836,464.142367160227,0.21341882901029263,0.0024828185969271808,0.027641896507412205
Migrated Hot Water World,pole,15,64314.30842113896,56.72154431536306,458.7079898712859,0.21252785400273935,0.0024828185969271808,0.027641896507412205
Migrated Hot Water World,pole,16,68045.44067220934,50.51340462321752,453.3984897810426,0.2115747976830034,0.0024828185969271808,0.027641896507412205
Migrated Hot Water World,pole,17,71733.62658317517,44.98474217208134,448.2093979021905,0.2105575783236995,0.0024828185969271808,0.027641896507412205
Migrated Hot Water World,pole,18,75379.83375669467,40.06118857722991,443.1364363731504,0.20947430563995728,0.0024828185969271808,0.027641896507412205
Migrated Hot Water World,pole,19,78984.99553963236,35.67651502994311,438.17550894025044,0.20832327299324307,0.0024828185969271808,0.027641896507412205
Migrated Hot Water World,pole,20,82550.01247173538,31.77174142569504,433.32269188299415,0.2071029508548274,0.0024828185969271808,0.027641896507412205
Migrated Hot Water World,pole,21,86075.75366181746,28.29434299773971,428.57422536737215,0.20581198122131236,0.0024828185969271808,0.027641896507412205
Migrated Hot Water World,pole,22,89563.05809488455,25.197543784184596,423.9265052106654,0.2044491727437458,0.0024828185969271808,0.027641896507412205
Migrated Hot Water World,pole,23,93012.73587349697,22.439687424677793,419.37607504024857,0.20301349638554592,0.0024828185969271808,0.027641896507412205
Migrated Hot Water World,pole,24,96425.56939651824,19.98367682302798,414.9196188283798,0.201504081466361,0.0024828185969271808,0.027641896507412205
Migrated Hot Water World,pole,25,99802.31447825162,17.7964751384214,410.5539537847508,0.19992021198177165,0.0024828185969271808,0.027641896507412205
Migrated Hot Water World,pole,26,103143.70141081722,15.848661392856812,406.27602358857365,0.19826132311452332,0.0024828185969271808,0.027641896507412205
Migrated Hot Water World,pole,27,106450.43597247344,14.114034717085577,402.08289194214336,0.1965269978732998,0.0024828185969271808,0.027641896507412205
Migrated Hot Water World,pole,28,109723.20038444003,12.569261911601037,397.97173642807934,0.19471696381110784,0.0024828185969271808,0.027641896507412205
Migrated Hot Water World,pole,29,112962.65421863594,11.193563581870471,393.9398426527816,0.19283108978811056,0.0024828185969271808,0.027641896507412205
Migrated Hot Water World,pole,30,116169.43525860361,9.968434625881466,389.984598659004,0.19086938275386126,0.0024828185969271808,0.027641896507412205
Migrated Hot Water World,pole,31,119344.16031575295,8.87739531416211,386.1034895908296,0.1888319845320132,0.0024828185969271808,0.027641896507412205
Partial Melt World,equator,0,0.0,0.0507633521919762,1413.3803204589813,0.95,0.002576287532889188,0.5101309945350037
Partial Melt World,equator,1,3705.3100262910543,0.044519793899838386,1361.8496462379271,0.95,0.002576287532889188,0.5101309945350037
Partial Melt World,equator,2,7275.527522221416,0.039044152194451995,1312.1977376592404,0.95,0.002576287532889188,0.5101309945350037
Partial Melt World,equator,3,10715.577849401785,0.034241978388607604,1264.3560964858552,0.95,0.002576287532889188,0.5101309945350037
Partial Melt World,equator,4,14030.20679484366,0.030030440362141586,1218.2587218696171,0.95,0.002576287532889188,0.5101309945350037
Partial Melt World,equator,5,17223.98711810027,0.026336893800627557,1173.8420192985536,0.95,0.002576287532889188,0.5101309945350037
Partial Melt World,equator,6,20301.324859704186,0.023097629162307388,1131.0447128638532,0.95,0.002576287532889188,0.5101309945350037
Partial Melt World,equator,7,23266.465419604574,0.0202567727598446,1089.807760725517,0.95,0.002576287532889188,0.5101309945350037
Partial Melt World,equator,8,26123.49941398955,0.0177653230017912,1050.074273660064,0.95,0.002576287532889188,0.5101309945350037
Partial Melt World,equator,9,28876.368318573863,0.015580305170012299,1011.7894365779154,0.95,0.002576287532889188,0.5101309945350037
Partial Melt World,equator,10,31528.869906136693,0.013664030153926119,974.9004329021964,0.95,0.002576287532889188,0.5101309945350037
Partial Melt World,equator,11,34084.66348581166,0.0119834443555546,939.3563717046173,0.95,0.002576287532889188,0.5101309945350037
Partial Melt World,equator,12,36547.27495135635,0.010509559551975349,905.1082174979259,0.95,0.002576287532889188,0.5101309945350037
Partial Melt World,equator,13,38920.10164536635,0.009216952880940269,872.1087225880644,0.95,0.002576287532889188,0.5101309945350037
Partial Melt World,equator,14,41206.417046144,0.008083328324973023,840.312361892713,0.95,0.002576287532889188,0.5101309945350037
Partial Melt World,equator,15,43409.37528368779,0.007089132130037039,809.6752701362946,0.95,0.002576287532889188,0.5101309945350037
Partial Melt World,equator,16,45532.01549103246,0.0062172155251767796,780.1551813347975,0.95,0.002576287532889188,0.5101309945350037
Partial Melt World,equator,17,47577.265996943,0.005452538925423761,751.711370486932,0.95,0.002576287532889188,0.5101309945350037
Partial Melt World,equator,18,49547.9483657464,0.004781912515798775,724.3045973911775,0.95,0.002576287532889188,0.5101309945350037
Partial Melt World,equator,19,51446.7812898745,0.004193768741774879,697.8970525112147,0.95,0.002576287532889188,0.5101309945350037
Partial Melt World,equator,20,53276.384340487966,0.003677962781916386,672.4523048150597,0.95,0.002576287532889188,0.5101309945350037
Partial Melt World,equator,21,55039.28158135561,0.0032255975610703536,647.9352515159386,0.95,0.002576287532889188,0.5101309945350037
Partial Melt World,equator,22,56737.905050974725,0.002828870285784079,624.3120696455685,0.95,0.002576287532889188,0.5101309945350037
Partial Melt World,equator,23,58374.59811773615,0.002480937854856453,601.5501693930373,0.95,0.002576287532889188,0.5101309945350037
Partial Melt World,equator,24,59951.61871276275,0.0021757988235058786,579.6181491449089,0.95,0.002576287532889188,0.5101309945350037
Partial Melt World,equator,25,61471.1424448814,0.001908189885168843,558.4857521645284,0.95,0.002576287532889188,0.5101309945350037
Partial Melt World,equator,26,62935.26560202563,0.001673495085356103,538.1238248507641,0.95,0.002576287532889188,0.5101309945350037
Partial Melt World,equator,27,64346.008043209564,0.0014676662016071976,518.5042765186015,0.95,0.002576287532889188,0.5101309945350037
Partial Melt World,equator,28,65705.31598506293,0.00128715291618663,499.60004064610354,0.95,0.002576287532889188,0.5101309945350037
Partial Melt World,equator,29,67015.06468677138,0.001128841577078953,481.3850375342735,0.95,0.002576287532889188,0.5101309945350037
Partial Melt World,equator,30,68277.06103712598,0.0009900014909785069,463.83413832830956,0.95,0.002576287532889188,0.5101309945350037
Partial Melt World,equator,31,69493.04604725109,0.0008682378218880199,446.92313035061426,0.95,0.002576287532889188,0.5101309945350037
Partial Melt World,midlatitude,0,0.0,0.0507633521919762,1312.7107621873342,0.95,0.002576287532889188,0.5101309945350037
Partial Melt World,midlatitude,1,3441.395269444083,0.044519793899838386,1264.8504165651593,0.95,0.002576287532889188,0.5101309945350037
Partial Melt World,midlatitude,2,6757.320121670236,0.039044152194451995,1218.7350194488208,0.95,0.002576287532889188,0.5101309945350037
Partial Melt World,midlatitude,3,9952.349104024592,0.034241978388607604,1174.3009514630626,0.95,0.002576287532889188,0.5101309945350037
Partial Melt World,midlatitude,4,13030.889979651196,0.030030440362141586,1131.4869127422842,0.95,0.002576287532889188,0.5101309945350037
Partial Melt World,midlatitude,5,15997.18980830568,0.026336893800627557,1090.233838363143,0.95,0.002576287532889188,0.5101309945350037
Partial Melt World,midlatitude,6,18855.3408054675,0.023097629162307388,1050.4848168604121,0.95,0.002576287532889188,0.5101309945350037
Partial Melt World,midlatitude,7,21609.285987833846,0.0202567727598446,1012.185011713685,0.95,0.002576287532889188,0.5101309945350037
Partial Melt World,midlatitude,8,24262.824612983448,0.0177653230017912,975.2815856966073,0.95,0.002576287532889188,0.5101309945350037
Partial Melt World,midlatitude,9,26819.617420714894,0.015580305170012299,939.7236279842735,0.95,0.002576287532889188,0.5101309945350037
Partial Melt World,midlatitude,10,29283.19168328987,0.013664030153926119,905.4620839182297,0.95,0.002576287532889188,0.5101309945350037
Partial Melt World,midlatitude,11,31656.946071549013,0.0119834443555546,872.449687332182,0.95,0.002576287532889188,0.5101309945350037
Partial Melt World,midlatitude,12,33944.15534361292,0.010509559551975349,840.6408953450573,0.95,0.002576287532889188,0.5101309945350037
Partial Melt World,midlatitude,13,36147.97486263721,0.009216952880940269,809.9918255314533,0.95,0.002576287532889188,0.5101309945350037
Partial Melt World,midlatitude,14,38271.44494985396,0.008083328324973023,780.4601953828011,0.95,0.002576287532889188,0.5101309945350037
Partial Melt World,midlatitude,15,40317.49507890477,0.007089132130037039,752.005263975725,0.95,0.002576287532889188,0.5101309945350037
Partial Melt World,midlatitude,16,42288.94791725196,0.0062172155251767796,724.5877757671253,0.95,0.002576287532889188,0.5101309945350037
Partial Melt World,midlatitude,17,44188.52322024329,0.005452538925423761,698.1699064384449,0.95,0.002576287532889188,0.5101309945350037
Partial Melt World,midlatitude,18,46018.84158320236,0.004781912515798775,672.7152107144093,0.95,0.002576287532889188,0.5101309945350037
Partial Melt World,midlatitude,19,47782.42805672079,0.004193768741774879,648.1885720842529,0.95,0.002576287532889188,0.5101309945350037
Partial Melt World,midlatitude,20,49481.7156301399,0.003677962781916386,624.5561543560669,0.95,0.002576287532889188,0.5101309945350037
Partial Melt World,midlatitude,21,51119.04858802756,0.0032255975610703536,601.7853549774359,0.95,0.002576287532889188,0.5101309945350037
Partial Melt World,midlatitude,22,52696.68574428066,0.002828870285784079,579.8447600579642,0.95,0.002576287532889188,0.5101309945350037
Partial Melt World,midlatitude,23,54216.80355831489,0.002480937854856453,558.7041010316456,0.95,0.002576287532889188,0.5101309945350037
Partial Melt World,midlatitude,24,55681.499137640785,0.0021757988235058786,538.3342128992855,0.95,0.002576287532889188,0.5101309945350037
Partial Melt World,midlatitude,25,57092.7931309684,0.001908189885168843,518.7069939933706,0.95,0.002576287532889188,0.5101309945350037
Partial Melt World,midlatitude,26,58452.63251583177,0.001673495085356103,499.79536720987704,0.95,0.002576287532889188,0.5101309945350037
Partial Melt World,midlatitude,27,59762.89328457885,0.0014676662016071976,481.5732426535363,0.95,0.002576287532889188,0.5101309945350037
Partial Melt World,midlatitude,28,61025.383032432546,0.00128715291618663,464.01548164502213,0.95,0.002576287532889188,0.5101309945350037
Partial Melt World,midlatitude,29,62241.84345119318,0.001128841577078953,447.0978620404063,0.95,0.002576287532889188,0.5101309945350037
Partial Melt World,midlatitude,30,63413.95273202259,0.0009900014909785069,430.7970448150382,0.95,0.002576287532889188,0.5101309945350037
Partial Melt World,midlatitude,31,64543.32788062473,0.0008682378218880199,415.09054186574883,0.95,0.002576287532889188,0.5101309945350037
Partial Melt World,pole,0,0.0,0.0507633521919762,1047.4451500820815,0.95,0.002576287532889188,0.5101309945350037
Partial Melt World,pole,1,2745.976408762167,0.044519793899838386,1009.2561686649815,0.95,0.002576287532889188,0.5101309945350037
Partial Melt World,pole,2,5391.8367951838845,0.039044152194451995,972.4595258362662,0.95,0.002576287532889188,0.5101309945350037
Partial Melt World,pole,3,7941.231306403081,0.034241978388607604,937.0044580858137,0.95,0.002576287532889188,0.5101309945350037
Partial Melt World,pole,4,10397.67700822049,0.030030440362141586,902.842052698978,0.95,0.002576287532889188,0.5101309945350037
Partial Melt World,pole,5,12764.562737134815,0.026336893800627557,869.9251802781206,0.95,0.002576287532889188,0.5101309945350037
Partial Melt World,pole,6,15045.153775476723,0.023097629162307388,838.2084297243516,0.95,0.002576287532889188,0.5101309945350037
Partial Melt World,pole,7,17242.596356091362,0.0202567727598446,807.6480455897823,0.95,0.002576287532889188,0.5101309945350037
Partial Melt World,pole,8,19359.922002783802,0.0177653230017912,778.2018677138637,0.95,0.002576287532889188,0.5101309945350037
Partial Melt World,pole,9,21400.051712515597,0.015580305170012299,749.8292730605318,0.95,0.002576287532889188,0.5101309945350037
Partial Melt World,pole,10,23365.799985121703,0.013664030153926119,722.4911196759252,0.95,0.002576287532889188,0.5101309945350037
Partial Melt World,pole,11,25259.878706107513,0.0119834443555546,696.1496926893554,0.95,0.002576287532889188,0.5101309945350037
Partial Melt World,pole,12,27084.900887882093,0.010509559551975349,670.7686522830387,0.95,0.002576287532889188,0.5101309945350037
Partial Melt World,pole,13,28843.38427458933,0.009216952880940269,646.3129835588074,0.95,0.002576287532889188,0.5101309945350037
Partial Melt World,pole,14,30537.754815509867,0.008083328324973023,622.7489482326392,0.95,0.002576287532889188,0.5101309945350037
Partial Melt World,pole,15,32170.350011825663,0.007089132130037039,600.0440380903647,0.95,0.002576287532889188,0.5101309945350037
Partial Melt World,pole,16,33743.422141364295,0.0062172155251767796,578.1669301403408,0.95,0.002576287532889188,0.5101309945350037
Partial Melt World,pole,17,35259.1413657718,0.005452538925423761,557.0874434012204,0.95,0.002576287532889188,0.5101309945350037
Partial Melt World,pole,18,36719.59872440055,0.004781912515798775,536.776497265204,0.95,0.002576287532889188,0.5101309945350037
Partial Melt World,pole,19,38126.809019042455,0.004193768741774879,517.2060713793325,0.95,0.002576287532889188,0.5101309945350037
Partial Melt World,pole,20,39482.713593487155,0.003677962781916386,498.349166989476,0.95,0.002576287532889188,0.5101309945350037
Partial Melt World,pole,21,40789.18301173988,0.0032255975610703536,480.1797696936873,0.95,0.002576287532889188,0.5101309945350037
Partial Melt World,pole,22,42048.01963859369,0.002828870285784079,462.6728135535376,0.95,0.002576287532889188,0.5101309945350037
Partial Melt World,pole,23,43260.96012611618,0.002480937854856453,445.8041465139233,0.95,0.002576287532889188,0.5101309945350037
Partial Melt World,pole,24,44429.67780948095,0.0021757988235058786,429.5504970836383,0.95,0.002576287532889188,0.5101309945350037
Partial Melt World,pole,25,45555.78501544901,0.001908189885168843,413.88944223074446,0.95,0.002576287532889188,0.5101309945350037
Partial Melt World,pole,26,46640.835286684975,0.001673495085356103,398.79937644845006,0.95,0.002576287532889188,0.5101309945350037
Partial Melt World,pole,27,47686.3255249764,0.0014676662016071976,384.2594819488216,0.95,0.002576287532889188,0.5101309945350037
Partial Melt World,pole,28,48693.69805631319,0.00128715291618663,370.24969994320725,0.95,0.002576287532889188,0.5101309945350037
Partial Melt World,pole,29,49664.342620675954,0.001128841577078953,356.7507029697524,0.95,0.002576287532889188,0.5101309945350037
Partial Melt World,pole,30,50599.59828927826,0.0009900014909785069,343.7438682298315,0.95,0.002576287532889188,0.5101309945350037
Partial Melt World,pole,31,51500.755311907844,0.0008682378218880199,331.2112518966112,0.95,0.002576287532889188,0.5101309945350037
Molten World,equator,0,0.0,0.1907978899001832,2260.18466010472,0.95,0.006015417949880709,0.9492299385500985
Molten World,equator,1,5742.457181754409,0.1673310049099327,2194.0205617603747,0.95,0.006015417949880709,0.9492299385500985
Molten World,equator,2,11316.811062739487,0.14675039235924503,2129.7933352066366,0.95,0.006015417949880709,0.9492299385500985
Molten World,equator,3,16727.982658268927,0.1287010597299892,2067.4462809277998,0.95,0.006015417949880709,0.9492299385500985
Molten World,equator,4,21980.748927045923,0.1128716762478812,2006.924359216049,0.95,0.006015417949880709,0.9492299385500985
Molten World,equator,5,27079.74698824155,0.09898920277528922,1948.1741415826452,0.95,0.006015417949880709,0.9492299385500985
Molten World,equator,6,32029.47821512332,0.08681418219188775,1891.1437635914892,0.95,0.006015417949880709,0.9492299385500985
Molten World,equator,7,36834.31220884791,0.07613660902750168,1835.7828790734227,0.95,0.006015417949880709,0.9492299385500985
Molten World,equator,8,41498.49065592599,0.06677230710293236,1782.0426156808503,0.95,0.006015417949880709,0.9492299385500985
Molten World,equator,9,46026.13107276466,0.05855975269712655,1729.8755317434436,0.95,0.006015417949880709,0.9492299385500985
Molten World,equator,10,50421.23044059292,0.05135728844387979,1679.2355743868413,0.95,0.006015417949880709,0.9492299385500985
Molten World,equator,11,54687.66873397927,0.0450406799009124,1630.0780388773726,0.95,0.006015417949880709,0.9492299385500985
Molten World,equator,12,58829.21234605644,0.03950097264487117,1582.3595291569131,0.95,0.006015417949880709,0.9492299385500985
Molten World,equator,13,62849.51741347674,0.03464261292954535,1536.0379195330343,0.95,0.006015417949880709,0.9492299385500985
Molten World,equator,14,66752.13304403362,0.030381799490755708,1491.0723174906248,0.95,0.006015417949880709,0.9492299385500985
Molten World,equator,15,70540.50444979854,0.026645038068397173,1447.423027592157,0.95,0.006015417949880709,0.9492299385500985
Molten World,equator,16,74217.97598853917,0.02336787371275865,1405.0515164347275,0.95,0.006015417949880709,0.9492299385500985
Molten World,equator,17,77787.79411610388,0.020493779008824094,1363.9203786329376,0.95,0.006015417949880709,0.9492299385500985
Molten World,equator,18,81253.1102523788,0.017973179041668876,1323.9933037975807,0.95,0.006015417949880709,0.9492299385500985
Molten World,equator,19,84616.9835633475,0.015762596284696687,1285.2350444809906,0.95,0.006015417949880709,0.9492299385500985
Molten World,equator,20,87882.38366170952,0.013823900660996445,1247.6113850607471,0.95,0.006015417949880709,0.9492299385500985
Molten World,equator,21,91052.19322844144,0.012123651842217757,1211.0891115342736,0.95,0.006015417949880709,0.9492299385500985
Molten World,equator,22,94129.21055761504,0.010632522440356952,1175.6359821976612,0.95,0.006015417949880709,0.9492299385500985
Molten World,equator,23,97116.15202671917,0.009324792143157927,1141.220699182833,0.95,0.006015417949880709,0.9492299385500985
Molten World,equator,24,100015.654494666,0.008177904067530065,1107.8128808279218,0.95,0.006015417949880709,0.9492299385500985
Molten World,equator,25,102830.27762959852,0.007172075678576554,1075.3830348564713,0.95,0.006015417949880709,0.9492299385500985
Molten World,equator,26,105562.5061685544,0.006289957563022029,1043.902532341784,0.95,0.006015417949880709,0.9492299385500985
Molten World,equator,27,108214.75211098103,0.00551633417126327,1013.3435824334289,0.95,0.006015417949880709,0.9492299385500985
Molten World,equator,28,110789.35684803821,0.004837861366178546,983.6792078235993,0.95,0.006015417949880709,0.9492299385500985
Molten World,equator,29,113288.59322956794,0.004242836251706463,954.8832209316641,0.95,0.006015417949880709,0.9492299385500985
Molten World,equator,30,115714.66757055641,0.0037209953109950643,926.9302007858851,0.95,0.006015417949880709,0.9492299385500985
Molten World,equator,31,118069.72159885927,0.00326333737223031,899.7954705818939,0.95,0.006015417949880709,0.9492299385500985
Molten World,midlatitude,0,0.0,0.1907978899001832,2117.483228119637,0.95,0.006015417949880709,0.9492299385500985
Molten World,midlatitude,1,5379.895273688274,0.1673310049099327,2055.496536934272,0.95,0.006015417949880709,0.9492299385500985
Molten World,midlatitude,2,10602.300796094845,0.14675039235924503,1995.3244291340718,0.95,0.006015417949880709,0.9492299385500985
Molten World,midlatitude,3,15671.826884056209,0.1287010597299892,1936.9137850444934,0.95,0.006015417949880709,0.9492299385500985
Molten World,midlatitude,4,20592.948893110333,0.1128716762478812,1880.2130400034823,0.95,0.006015417949880709,0.9492299385500985
Molten World,midlatitude,5,25370.01116832108,0.09898920277528922,1825.1721388404123,0.95,0.006015417949880709,0.9492299385500985
Molten World,midlatitude,6,30007.230879447063,0.08681418219188775,1771.742491687599,0.95,0.006015417949880709,0.9492299385500985
Molten World,midlatitude,7,34508.701743840735,0.07613660902750168,1719.8769310853772,0.95,0.006015417949880709,0.9492299385500985
Molten World,midlatitude,8,38878.39764036423,0.06677230710293236,1669.5296703428717,0.95,0.006015417949880709,0.9492299385500985
Molten World,midlatitude,9,43120.17611751233,0.05855975269712655,1620.656263117707,0.95,0.006015417949880709,0.9492299385500985
Molten World,midlatitude,10,47237.78179883942,0.05135728844387979,1573.2135641789705,0.95,0.006015417949880709,0.9492299385500985
Molten World,midlatitude,11,51234.84968869688,0.0450406799009124,1527.1596913187889,0.95,0.006015417949880709,0.9492299385500985
Molten World,midlatitude,12,55114.90838119907,0.03950097264487117,1482.4539883788993,0.95,0.006015417949880709,0.9492299385500985
Molten World,midlatitude,13,58881.38317525083,0.03464261292954535,1439.0569893595696,0.95,0.006015417949880709,0.9492299385500985
Molten World,midlatitude,14,62537.59909838645,0.030381799490755708,1396.9303835791848,0.95,0.006015417949880709,0.9492299385500985
Molten World,midlatitude,15,66086.78384208945,0.026645038068397173,1356.0369818537456,0.95,0.006015417949880709,0.9492299385500985
Molten World,midlatitude,16,69532.07061118461,0.02336787371275865,1316.340683666418,0.95,0.006015417949880709,0.9492299385500985
Molten World,midlatitude,17,72876.50088981746,0.020493779008824094,1277.8064452981546,0.95,0.006015417949880709,0.9492299385500985
Molten World,midlatitude,18,76123.02712646332,0.017973179041668876,1240.400248891252,0.95,0.006015417949880709,0.9492299385500985
Molten World,midlatitude,19,79274.51534033584,0.015762596284696687,1204.0890724185347,0.95,0.006015417949880709,0.9492299385500985
Molten World,midlatitude,20,82333.7476514964,0.013823900660996445,1168.8408605316529,0.95,0.006015417949880709,0.9492299385500985
Molten World,midlatitude,21,85303.42473689748,0.012123651842217757,1134.6244962627604,0.95,0.006015417949880709,0.9492299385500985
Molten World,midlatitude,22,88186.1682145285,0.010632522440356952,1101.4097735545927,0.95,0.006015417949880709,0.9492299385500985
Molten World,midlatitude,23,90984.52295776882,0.009324792143157927,1069.1673705946891,0.95,0.006015417949880709,0.9492299385500985
Molten World,midlatitude,24,93700.95934199083,0.008177904067530065,1037.8688239302257,0.95,0.006015417949880709,0.9492299385500985
Molten World,midlatitude,25,96337.8754253966,0.007172075678576554,1007.4865033406027,0.95,0.006015417949880709,0.9492299385500985
Molten World,midlatitude,26,98897.59906601314,0.006289957563022029,977.9935874456067,0.95,0.006015417949880709,0.9492299385500985
Molten World,midlatitude,27,101382.38997671533,0.00551633417126327,949.364040027613,0.95,0.006015417949880709,0.9492299385500985
Molten World,midlatitude,28,103794.44172009073,0.004837861366178546,921.5725870469253,0.95,0.006015417949880709,0.9492299385500985
Molten World,midlatitude,29,106135.88364490692,0.004242836251706463,894.5946943299645,0.95,0.006015417949880709,0.9492299385500985
Molten World,midlatitude,30,108408.78276589134,0.0037209953109950643,868.406545910607,0.95,0.006015417949880709,0.9492299385500985
Molten World,midlatitude,31,110615.14558848295,0.00326333737223031,842.9850230055534,0.95,0.006015417949880709,0.9492299385500985
Molten World,pole,0,0.0,0.1907978899001832,1741.4614120171457,0.95,0.006015417949880709,0.9492299385500985
Molten World,pole,1,4424.535644677233,0.1673310049099327,1690.4822924074026,0.95,0.006015417949880709,0.9492299385500985
Molten World,pole,2,8719.548504473281,0.14675039235924503,1640.9955231984497,0.95,0.006015417949880709,0.9492299385500985
Molten World,pole,3,12888.830198023561,0.1287010597299892,1592.9574176860876,0.95,0.006015417949880709,0.9492299385500985
Molten World,pole,4,16936.061349037827,0.1128716762478812,1546.325568040115,0.95,0.006015417949880709,0.9492299385500985
Molten World,pole,5,20864.814835538797,0.09898920277528922,1501.0588078668816,0.95,0.006015417949880709,0.9492299385500985
Molten World,pole,6,24678.55894398324,0.08681418219188775,1457.1171758677738,0.95,0.006015417949880709,0.9492299385500985
Molten World,pole,7,28380.660431050193,0.07613660902750168,1414.461880561556,0.95,0.006015417949880709,0.9492299385500985
Molten World,pole,8,31974.387495799056,0.06677230710293236,1373.0552660394194,0.95,0.006015417949880709,0.9492299385500985
Molten World,pole,9,35462.91266482151,0.05855975269712655,1332.8607787225096,0.95,0.006015417949880709,0.9492299385500985
Molten World,pole,10,38849.31559293413,0.05135728844387979,1293.8429350925865,0.95,0.006015417949880709,0.9492299385500985
Molten World,pole,11,42136.585781884256,0.0450406799009124,1255.9672903673293,0.95,0.006015417949880709,0.9492299385500985
Molten World,pole,12,45327.62521946912,0.03950097264487117,1219.2004080926326,0.95,0.006015417949880709,0.9492299385500985
Molten World,pole,13,48425.250941397986,0.03464261292954535,1183.509830625051,0.95,0.006015417949880709,0.9492299385500985
Molten World,pole,14,51432.19751815905,0.030381799490755708,1148.8640504783318,0.95,0.006015417949880709,0.9492299385500985
Molten World,pole,15,54351.11946908632,0.026645038068397173,1115.2324825087442,0.95,0.006015417949880709,0.9492299385500985
Molten World,pole,16,57184.593605757706,0.02336787371275865,1082.5854369146473,0.95,0.006015417949880709,0.9492299385500985
Molten World,pole,17,59935.12130679307,0.020493779008824094,1050.8940930264635,0.95,0.006015417949880709,0.9492299385500985
Molten World,pole,18,62605.1307260604,0.017973179041668876,1020.1304738639153,0.95,0.006015417949880709,0.9492299385500985
Molten World,pole,19,65196.97893623936,0.015762596284696687,990.2674214380713,0.95,0.006015417949880709,0.9492299385500985
Molten World,pole,20,67712.9540096349,0.013823900660996445,961.2785727763899,0.95,0.006015417949880709,0.9492299385500985
Molten World,pole,21,70155.27703807747,0.012123651842217757,933.1383366496026,0.95,0.006015417949880709,0.9492299385500985
Molten World,pole,22,72526.1040936932,0.010632522440356952,905.8218709798892,0.95,0.006015417949880709,0.9492299385500985
Molten World,pole,23,74827.52813227492,0.009324792143157927,879.305060910399,0.95,0.006015417949880709,0.9492299385500985
Molten World,pole,24,77061.58084093455,0.008177904067530065,853.56449751676,0.95,0.006015417949880709,0.9492299385500985
Molten World,pole,25,79230.23443166754,0.007172075678576554,828.5774571417827,0.95,0.006015417949880709,0.9492299385500985
Molten World,pole,26,81335.40338241302,0.006289957563022029,804.3218813351153,0.95,0.006015417949880709,0.9492299385500985
Molten World,pole,27,83378.94612714656,0.00551633417126327,780.7763573801392,0.95,0.006015417949880709,0.9492299385500985
Molten World,pole,28,85362.66669649768,0.004837861366178546,757.9200993909155,0.95,0.006015417949880709,0.9492299385500985
Molten World,pole,29,87288.31631034017,0.004242836251706463,735.7329299624967,0.95,0.006015417949880709,0.9492299385500985
Molten World,pole,30,89157.59492376135,0.0037209953109950643,714.1952623584007,0.95,0.006015417949880709,0.9492299385500985
Molten World,pole,31,90972.152727775,0.00326333737223031,693.2880832195257,0.95,0.006015417949880709,0.9492299385500985
Locked Earth,substellar,0,0.0,0.35283556492777074,329.33357265995346,0.2108103442013709,0.00941242462597624,0.7642756033132421
Locked Earth,substellar,1,227.378761037308,0.34144721965900376,326.79467516611334,0.2108103442013709,0.00941242462597624,0.7642756033132421
Locked Earth,substellar,2,453.0046143407113,0.3304264518706623,324.2753505340139,0.2108103442013709,0.00941242462597624,0.7642756033132421
Locked Earth,substellar,3,676.8910734218043,0.31976139739802983,321.77544787260194,0.2108103442013709,0.00941242462597624,0.7642756033132421
Locked Earth,substellar,4,899.0515476138569,0.30944057501172173,319.2948174540732,0.2108103442013709,0.00941242462597624,0.7642756033132421
Locked Earth,substellar,5,1119.4993428749344,0.2994528740578208,316.83331070490465,0.2108103442013709,0.00941242462597624,0.7642756033132421
Locked Earth,substellar,6,1338.2476625848544,0.28978754249694716,314.39078019695575,0.2108103442013709,0.00941242462597624,0.7642756033132421
Locked Earth,substellar,7,1555.3096083359717,0.2804341753293877,311.9670796386387,0.2108103442013709,0.00941242462597624,0.7642756033132421
Locked Earth,substellar,8,1770.6981807178813,0.2713827033938225,309.56206386615634,0.2108103442013709,0.00941242462597624,0.7642756033132421
Locked Earth,substellar,9,1984.426280096066,0.26262338252759143,307.1755888348079,0.206412554120191,0.00941242462597624,0.7642756033132421
Locked Earth,substellar,10,2197.0983838807606,0.25414678307683053,306.5148639636415,0.20556998633073173,0.00941242462597624,0.7642756033132421
Locked Earth,substellar,11,2409.3134148799545,0.2459437797451854,305.8566513733048,0.20472262840545877,0.00941242462597624,0.7642756033132421
Locked Earth,substellar,12,2621.073107718057,0.23800554177017536,305.2009319655938,0.20387051809105713,0.00941242462597624,0.7642756033132421
Locked Earth,substellar,13,2832.379183827479,0.23032352341662995,304.5476867716161,0.2030136933948276,0.00941242462597624,0.7642756033132421
Locked Earth,substellar,14,3043.2333515374726,0.2228894547769664,303.8968969495596,0.20215219258016368,0.00941242462597624,0.7642756033132421
Locked Earth,substellar,15,3253.6373061614418,0.2156953328684027,303.24854378247056,0.20128605416205708,0.00941242462597624,0.7642756033132421
Locked Earth,substellar,16,3463.5927300827125,0.208733413017523,302.60260867604086,0.2004153169026409,0.00941242462597624,0.7642756033132421
Locked Earth,substellar,17,3673.1012928387745,0.20199620052292,301.959073156404,0.19954001980678435,0.00941242462597624,0.7642756033132421
Locked Earth,substellar,18,3882.164651204002,0.19547644258693916,301.3179188679382,0.19866020211770838,0.00941242462597624,0.7642756033132421
Locked Earth,substellar,19,4090.784449270841,0.18916712050783954,300.6791275710773,0.19777590331266404,0.00941242462597624,0.7642756033132421
Locked Earth,substellar,20,4298.962318529494,0.1830614421239648,300.0426811401269,0.19688716309863874,0.00941242462597624,0.7642756033132421
Locked Earth,substellar,21,4506.699877946095,0.17715283450179128,299.40856156108686,0.1959940214081117,0.00941242462597624,0.7642756033132421
Locked Earth,substellar,22,4713.998734039356,0.17143493685998148,298.776750929478,0.19509651839485218,0.00941242462597624,0.7642756033132421
Locked Earth,substellar,23,4920.860480955742,0.16590159372182472,298.147231448173,0.19419469442976517,0.00941242462597624,0.7642756033132421
Locked Earth,substellar,24,5127.286700543105,0.16054684828869467,297.51998542523023,0.1932885900967789,0.00941242462597624,0.7642756033132421
Locked Earth,substellar,25,5333.278962422859,0.15536493602738877,296.8949952717305,0.1923782461887836,0.00941242462597624,0.7642756033132421
Locked Earth,substellar,26,5538.838824060615,0.15035027846444723,296.27224349961483,0.19146370370361748,0.00941242462597624,0.7642756033132421
Locked Earth,substellar,27,5743.967830835352,0.14549747718077022,295.6517127195231,0.19054500384009923,0.00941242462597624,0.7642756033132421
Locked Earth,substellar,28,5948.667516107069,0.14080130800006882,295.03338563863304,0.1896221879941106,0.00941242462597624,0.7642756033132421
Locked Earth,substellar,29,6152.939401282941,0.1362567153648932,294.4172450584978,0.18869529775473765,0.00941242462597624,0.7642756033132421
Locked Earth,substellar,30,6356.784995881995,0.13185880689418342,293.803273872882,0.18776437490045078,0.00941242462597624,0.7642756033132421
Locked Earth,substellar,31,6560.205797598254,0.12760284811648465,293.191455065595,0.18682946139534842,0.00941242462597624,0.7642756033132421
Locked Earth,terminator,0,0.0,0.35283556492777074,237.8546257933793,0.00032369944621282504,0.00941242462597624,0.7642756033132421
Locked Earth,terminator,1,164.2197899323598,0.34144721965900376,236.02095755103278,0.00032369944621282504,0.00941242462597624,0.7642756033132421
Locked Earth,terminator,2,327.1735771012275,0.3304264518706623,234.20142541897536,0.00032369944621282504,0.00941242462597624,0.7642756033132421
Locked Earth,terminator,3,488.8711213717073,0.31976139739802983,232.39592041914355,0.00032369944621282504,0.00941242462597624,0.7642756033132421
Locked Earth,terminator,4,649.3221073681796,0.30944057501172173,230.60433441360732,0.00032369944621282504,0.00941242462597624,0.7642756033132421
Locked Earth,terminator,5,808.5361450543381,0.2994528740578208,228.82656009809318,0.00032369944621282504,0.00941242462597624,0.7642756033132421
Locked Earth,terminator,6,966.5227703087768,0.28978754249694716,227.06249099555754,0.00032369944621282504,0.00941242462597624,0.7642756033132421
Locked Earth,terminator,7,1123.2914454961176,0.2804341753293877,225.31202144980932,0.00029802451685120916,0.00941242462597624,0.7642756033132421
Locked Earth,terminator,8,1278.8708519961785,0.2713827033938225,223.63071585341052,0.0002550330384893202,0.00941242462597624,0.7642756033132421
Locked Earth,terminator,9,1433.2869027530821,0.26262338252759143,221.9550211659043,0.0002177052591524613,0.00941242462597624,0.7642756033132421
Locked Earth,terminator,10,1586.543764172878,0.25414678307683053,220.28573822584246,0.00018539278972758754,0.00941242462597624,0.7642756033132421
Locked Earth,terminator,11,1738.64613013329,0.2459437797451854,218.62358827641694,0.00015750337818072827,0.00941242462597624,0.7642756033132421
Locked Earth,terminator,12,1889.5991676553163,0.23800554177017536,216.96921538521713,0.000133499563687107,0.00941242462597624,0.7642756033132421
Locked Earth,terminator,13,2039.4084645945206,0.23032352341662995,215.3231898524347,0.0001128965558531491,0.00941242462597624,0.7642756033132421
Locked Earth,terminator,14,2188.079979946433,0.2228894547769664,213.68601234605427,9.52595336550996e-05,0.00941242462597624,0.7642756033132421
Locked Earth,terminator,15,2335.6199971884885,0.2156953328684027,212.05811852891884,8.020053981724379e-05,0.00941242462597624,0.7642756033132421
Locked Earth,terminator,16,2482.0350809287884,0.208733413017523,210.439883973903,6.737512363399334e-05,0.00941242462597624,0.7642756033132421
Locked Earth,terminator,17,2627.332037002272,0.20199620052292,208.83162919664176,5.647886101552505e-05,0.00941242462597624,0.7642756033132421
Locked Earth,terminator,18,2771.5178760480107,0.19547644258693916,207.23362466798264,4.724385656307196e-05,0.00941242462597624,0.7642756033132421
Locked Earth,terminator,19,2914.599780516389,0.18916712050783954,205.64609569890487,3.9435309985009054e-05,0.00941242462597624,0.7642756033132421
Locked Earth,terminator,20,3056.5850749901283,0.1830614421239648,204.06922711806334,3.284820891625976e-05,0.00941242462597624,0.7642756033132421
Locked Earth,terminator,21,3197.4811996559756,0.17715283450179128,202.50316768584958,2.730419259729122e-05,0.00941242462597624,0.7642756033132421
Locked Earth,terminator,22,3337.2956867318812,0.17143493685998148,200.94803420878225,2.2648616021130656e-05,0.00941242462597624,0.7642756033132421
Locked Earth,terminator,23,3476.036139635082,0.16590159372182472,199.4039153342749,1.874783198717839e-05,0.00941242462597624,0.7642756033132421
Locked Earth,terminator,24,3613.7102146670663,0.16054684828869467,197.8708750186775,1.5486698803061752e-05,0.00941242462597624,0.7642756033132421
Locked Earth,terminator,25,3750.3256049899596,0.15536493602738877,196.34895567134078,1.2766313874161165e-05,0.00941242462597624,0.7642756033132421
Locked Earth,terminator,26,3885.890026673219,0.15035027846444723,194.83818098473634,1.0501967809414374e-05,0.00941242462597624,0.7642756033132421
Locked Earth,terminator,27,4020.4112065983436,0.14549747718077022,193.3385584658073,8.621309645695099e-06,0.00941242462597624,0.7642756033132421
Locked Earth,terminator,28,4153.8968720209305,0.14080130800006882,191.8500816871202,7.062711063360992e-06,0.00941242462597624,0.7642756033132421
Locked Earth,terminator,29,4286.354741603024,0.1362567153648932,190.37273227839952,5.7738157726035785e-06,0.00941242462597624,0.7642756033132421
Locked Earth,terminator,30,4417.7925177432735,0.13185880689418342,188.9064816799613,4.710259367327719e-06,0.00941242462597624,0.7642756033132421
Locked Earth,terminator,31,4548.217880047354,0.12760284811648465,187.45129267968446,3.834544677793394e-06,0.00941242462597624,0.7642756033132421
Locked Earth,antistellar,0,0.0,0.35283556492777074,71.68624520478073,0.0,0.00941242462597624,7.217080823600483e-12
Locked Earth,antistellar,1,49.49367744867068,0.34144721965900376,71.13360179727277,0.0,0.00941242462597624,5.369773779290818e-12
Locked Earth,antistellar,2,98.60579837298768,0.3304264518706623,70.58521882646518,0.0,0.00941242462597624,3.985126539879576e-12
Locked Earth,antistellar,3,147.33930426725703,0.31976139739802983,70.04106344790159,0.0,0.00941242462597624,2.9499274640733733e-12
Locked Earth,antistellar,4,195.69711394928092,0.30944057501172173,69.50110307030846,0.0,0.00941242462597624,2.1779854587058638e-12
Locked Earth,antistellar,5,243.68212373515942,0.2994528740578208,68.9653053536482,0.0,0.00941242462597624,1.6038519899822868e-12
Locked Earth,antistellar,6,291.29720761275433,0.28978754249694716,68.43363820718625,0.0,0.00941242462597624,1.1779597709636214e-12
Locked Earth,antistellar,7,338.54521741381154,0.2804341753293877,67.9060697875721,0.0,0.00941242462597624,8.628684893209737e-13
Locked Earth,antistellar,8,385.42898298476206,0.2713827033938225,67.3825684969345,0.0,0.00941242462597624,6.30373269418969e-13
Locked Earth,antistellar,9,431.95131235620545,0.26262338252759143,66.8631029809908,0.0,0.00941242462597624,4.592836417013968e-13
Locked Earth,antistellar,10,478.1149919110896,0.25414678307683053,66.34764212717045,0.0,0.00941242462597624,3.3372219034564067e-13
Locked Earth,antistellar,11,523.9227865515961,0.2459437797451854,65.83615506275252,0.0,0.008810987258271705,2.4182486404851286e-13
Locked Earth,antistellar,12,569.417516430093,0.23800554177017536,65.44425681177833,0.0,0.008323671454526326,1.8968101219938794e-13
Locked Earth,antistellar,13,614.6403004059152,0.23032352341662995,65.0514230683864,0.0,0.007853101347091777,1.4818806872049225e-13
Locked Earth,antistellar,14,659.5904902301104,0.2228894547769664,64.65765421856003,0.0,0.007399313585028625,1.1530080618909023e-13
Locked Earth,antistellar,15,704.2674399141525,0.2156953328684027,64.26295639904271,0.0,0.006962319030059696,8.933984830615517e-14
Locked Earth,antistellar,16,748.6705098155772,0.208733413017523,63.86734178540237,0.0,0.006542101356204198,6.89313563301401e-14
Locked Earth,antistellar,17,792.7990709137998,0.20199620052292,63.47082885275827,0.0,0.006138615769676318,5.295577065090642e-14
Locked Earth,antistellar,18,836.6525092549043,0.19547644258693916,63.07344260263969,0.0,0.005751787878171506,4.050438319687451e-14
Locked Earth,antistellar,19,880.2302305396319,0.18916712050783954,62.67521474935184,0.0,0.005381512738996281,3.084266474829646e-14
Locked Earth,antistellar,20,923.5316648242396,0.1830614421239648,62.2761838593052,0.0,0.005027654115047283,2.337940326307058e-14
Locked Earth,antistellar,21,966.5562712994572,0.17715283450179128,61.87639543704566,0.0,0.004690043966316806,1.7640826713456775e-14
Locked Earth,antistellar,22,1009.3035431085991,0.17143493685998148,61.47590195222064,0.0,0.004368482202317882,1.3248988215078893e-14
Locked Earth,antistellar,23,1051.7730121621569,0.16590159372182472,61.074762802443566,0.0,0.004062736717545062,9.903783779883994e-15
Locked Earth,antistellar,24,1093.9642539030197,0.16054684828869467,60.67304420797544,0.0,0.003772543727820432,7.368055075781058e-15
Locked Earth,antistellar,25,1135.8768919740694,0.15536493602738877,60.27081903531822,0.0,0.0034976084201696414,5.4553022315644726e-15
Locked Earth,antistellar,26,1177.5106027383376,0.15035027846444723,59.868166548187986,0.0,0.0032376059228375292,4.0195959733594904e-15
Locked Earth,antistellar,27,1218.865119601405,0.14549747718077022,59.465172085870584,0.0,0.0029921825953459166,2.9473350996117037e-15
Locked Earth,antistellar,28,1259.9402370862726,0.14080130800006882,59.06192667061264,0.0,0.002760957631326351,2.1505452824411288e-15
Locked Earth,antistellar,29,1300.7358146126946,0.1362567153648932,58.658526547407696,0.0,0.0025435249594821163,1.561459126770438e-15
Locked Earth,antistellar,30,1341.2517799358661,0.13185880689418342,58.25507266123666,0.0,0.0023394554207280096,1.1281559534417728e-15
Locked Earth,antistellar,31,1381.4881322034257,0.12760284811648465,57.85167007844319,0.0,0.002148299192622703,8.110734617795093e-16
Locked Wet Earth,substellar,0,0.0,72.63998372804875,322.77101206743146,0.0013016505712462564,0.0003833074611251943,0.045502408654773896
Locked Wet Earth,substellar,1,1597.9197739342574,64.77655576285049,313.7742328542266,0.0012480718346063048,0.0003833074611251943,0.045502408654773896
Locked Wet Earth,substellar,2,3152.69514417185,57.76436008310201,305.5840634695828,0.0008941892667605581,0.0003833074611251943,0.045502408654773896
Locked Wet Earth,substellar,3,4666.584582988525,51.5112490393305,297.486966337651,0.0006263272711193277,0.0003833074611251943,0.045502408654773896
Locked Wet Earth,substellar,4,6140.11094353648,45.93505015505465,289.50508005535585,0.00042888064920089614,0.0003833074611251943,0.045502408654773896
Locked Wet Earth,substellar,5,7573.902790670227,40.96248629374741,281.65837720215325,0.00028712012045987637,0.0003833074611251943,0.045502408654773896
Locked Wet Earth,substellar,6,8968.680939809175,36.52821271995078,273.9636340137591,0.00018794499866216636,0.0003833074611251943,0.045502408654773896
Locked Wet Earth,substellar,7,10325.241113432288,32.573958400509646,266.43391413337406,0.00012030391594637871,0.0003833074611251943,0.045502408654773896
Locked Wet Earth,substellar,8,11644.435196701486,29.04776026171703,259.07852681120187,7.530565326610286e-05,0.0003833074611251943,0.045502408654773896
Locked Wet Earth,substellar,9,12927.153169550757,25.90328033970183,251.9033381809421,4.609510525039905e-05,0.0003833074611251943,0.045502408654773896
Locked Wet Earth,substellar,10,14174.307117733835,23.09919685069451,244.91128815452942,2.758676751638208e-05,0.0003833074611251943,0.045502408654773896
Locked Wet Earth,substellar,11,15386.818026680474,20.598661179191698,238.10298208340723,1.6138528376376157e-05,0.0003833074611251943,0.045502408654773896
Locked Wet Earth,substellar,12,16565.60549878676,18.36881364827113,231.47726367262922,9.225818212070634e-06,0.0003833074611251943,0.045502408654773896
Locked Wet Earth,substellar,13,17711.580164946376,16.380351708768295,225.03171534110788,5.151715321076574e-06,0.0003833074611251943,0.045502408654773896
Locked Wet Earth,substellar,14,18825.63837121149,14.607144872864568,218.76306417902362,2.8087029693038447e-06,0.0003833074611251943,0.045502408654773896
Locked Wet Earth,substellar,15,19908.658665078598,13.02589133190826,212.667492886681,1.4943270555337708e-06,0.0003833074611251943,0.045502408654773896
Locked Wet Earth,substellar,16,20961.499632033825,11.61581174606428,206.74086672327215,7.754119516181889e-07,0.0003833074611251943,0.045502408654773896
Locked Wet Earth,substellar,17,21984.99870015168,10.358376181865351,200.97889219059044,3.922048747951111e-07,0.0003833074611251943,0.045502408654773896
Locked Wet Earth,substellar,18,22979.971610482713,9.237060609336224,195.37722357216543,1.932510701265228e-07,0.0003833074611251943,0.045502408654773896
Locked Wet Earth,substellar,19,23947.212327250647,8.23712975880605,189.93153159602412,9.270086597648354e-08,0.0003833074611251943,0.045502408654773896
Locked Wet Earth,substellar,20,24887.49322666333,7.345443483918418,184.63754576018968,4.326274037107281e-08,0.0003833074611251943,0.045502408654773896
Locked Wet Earth,substellar,21,25801.565454048487,6.550284086244652,179.4910790608147,1.962996009133353e-08,0.0003833074611251943,0.04322845244938811
Locked Wet Earth,substellar,22,26697.350314387924,5.841202332363693,177.35261398515632,1.4869967625801584e-08,0.0003833074611251943,0.039546051198709915
Locked Wet Earth,substellar,23,27582.368369810614,5.208880139910419,175.2020286437949,1.1125361799151882e-08,0.0003833074611251943,0.03595492946412915
Locked Wet Earth,substellar,24,28456.54616992852,4.645008128142313,173.0343039669947,8.208518377610781e-09,0.0003833074611251943,0.03246354894207782
Locked Wet Earth,substellar,25,29319.783415818347,4.142176423909654,170.84376367687463,5.961795709340612e-09,0.0003833074611251943,0.029081487506193784
Locked Wet Earth,substellar,26,30171.949386958353,3.6937772881045197,168.62396534287802,4.253280662538858e-09,0.0003833074611251943,0.025819589244237766
Locked Wet Earth,substellar,27,31012.878802658714,3.293918282997397,166.36758405191532,2.9730837450944478e-09,0.0003833074611251943,0.02269011356952388
Locked Wet Earth,substellar,28,31842.36710484144,2.9373448393885693,164.06629822775736,2.0301223414405058e-09,0.0003833074611251943,0.019706863784995483
Locked Wet Earth,substellar,29,32660.165221412914,2.6193712060249923,161.71069690121078,1.3493378023336419e-09,0.0003833074611251943,0.016885259744652475
Locked Wet Earth,substellar,30,33465.97400749455,2.335818873885101,159.29024411190466,8.692983485901889e-10,0.0003833074611251943,0.014242294766167318
Locked Wet Earth,substellar,31,34259.4388055843,2.082961666161724,156.7933618836574,5.40145136607389e-10,0.0003833074611251943,0.011796281622129732
Locked Wet Earth,terminator,0,0.0,72.63998372804875,309.9157021292339,0.00066602837039822,0.0003833074611251943,0.045502408654773896
Locked Wet Earth,terminator,1,1534.2778941423755,64.77655576285049,301.277246250242,0.0006230368422496381,0.0003833074611251943,0.045502408654773896
Locked Wet Earth,terminator,2,3026.5530100673877,57.76436008310201,293.1835299739732,0.0004297215763321576,0.0003833074611251943,0.045502408654773896
Locked Wet Earth,terminator,3,4478.548070125788,51.5112490393305,285.2313355322483,0.0002899247759400028,0.0003833074611251943,0.045502408654773896
Locked Wet Earth,terminator,4,5891.012313100321,45.93505015505465,277.436085043963,0.00019134886288607063,0.0003833074611251943,0.045502408654773896
Locked Wet Earth,terminator,5,7264.76389832635,40.96248629374741,269.80981149201426,0.0001235445410218904,0.0003833074611251943,0.045502408654773896
Locked Wet Earth,terminator,6,8600.672739738737,36.52821271995078,262.36109878851767,7.8032072100284e-05,0.0003833074611251943,0.045502408654773896
Locked Wet Earth,terminator,7,9899.64383797639,32.573958400509646,255.0953401151939,4.821015844499498e-05,0.0003833074611251943,0.045502408654773896
Locked Wet Earth,terminator,8,11162.602394030859,29.04776026171703,248.01518927654894,2.9130487797111762e-05,0.0003833074611251943,0.045502408654773896
Locked Wet Earth,terminator,9,12390.481385506344,25.90328033970183,241.121090349388,1.7210443538427472e-05,0.0003833074611251943,0.045502408654773896
Locked Wet Earth,terminator,10,13584.211785081246,23.09919685069451,234.4118005772726,9.938677796196519e-06,0.0003833074611251943,0.045502408654773896
Locked Wet Earth,terminator,11,14744.715257923088,20.598661179191698,227.88485498870423,5.607695259040491e-06,0.0003833074611251943,0.045502408654773896
Locked Wet Earth,terminator,12,15872.898987076653,18.36881364827113,221.53694947557364,3.0900174910667293e-06,0.0003833074611251943,0.045502408654773896
Locked Wet Earth,terminator,13,16969.65220845497,16.380351708768295,215.36423874991445,1.6620292549534033e-06,0.0003833074611251943,0.045502408654773896
Locked Wet Earth,terminator,14,18035.84404788037,14.607144872864568,209.36255707008533,8.721293066537142e-07,0.0003833074611251943,0.045502408654773896
Locked Wet Earth,terminator,15,19072.322305303154,13.02589133190826,203.5275748310562,4.462074906428062e-07,0.0003833074611251943,0.045502408654773896
Locked Wet Earth,terminator,16,20079.91289985356,11.61581174606428,197.8549052228132,2.2245602778560528e-07,0.0003833074611251943,0.045502408654773896
Locked Wet Earth,terminator,17,21059.41975772527,10.358376181865351,192.34017397773235,1.0800164797764942e-07,0.0003833074611251943,0.045502408654773896
Locked Wet Earth,terminator,18,22011.624984724112,9.237060609336224,186.97906302208392,5.102864049888415e-08,0.0003833074611251943,0.045502408654773896
Locked Wet Earth,terminator,19,22937.289213496337,8.23712975880605,181.76733640965298,2.344796285362533e-08,0.0003833074611251943,0.04247075604446228
Locked Wet Earth,terminator,20,23844.326778680534,7.345443483918418,179.55896951731518,1.7721487311108316e-08,0.0003833074611251943,0.038795785035995324
Locked Wet Earth,terminator,21,24740.24540160653,6.550284086244652,177.33800901883424,1.322433059030604e-08,0.0003833074611251943,0.035215511302812114
Locked Wet Earth,terminator,22,25624.968712142105,5.841202332363693,175.09921941985635,9.728379561530172e-09,0.0003833074611251943,0.03173871417384919
Locked Wet Earth,terminator,23,26498.392366561824,5.208880139910419,172.83669269048693,7.041981160592307e-09,0.0003833074611251943,0.028375309927572548
Locked Wet Earth,terminator,24,27360.380404830597,4.645008128142313,170.54374222858775,5.004791261227059e-09,0.0003833074611251943,0.025136494594816126
Locked Wet Earth,terminator,25,28210.76106673757,4.142176423909654,168.21279332479745,3.483284440264752e-09,0.0003833074611251943,0.022034879153637412
Locked Wet Earth,terminator,26,29049.32207962196,3.6937772881045197,165.8352822015582,2.3668524961876266e-09,0.0003833074611251943,0.019084593741627763
Locked Wet Earth,terminator,27,29875.805518715144,3.293918282997397,163.4015867220704,1.5644274364094155e-09,0.0003833074611251943,0.016301320286849993
Locked Wet Earth,terminator,28,30689.902501975608,2.9373448393885693,160.90102975011033,1.0015717588685055e-09,0.0003833074611251943,0.01370218703489688
Locked Wet Earth,terminator,29,31491.24825481668,2.6193712060249923,158.32202314024065,6.179847875211554e-10,0.0003833074611251943,0.011305422778786932
Locked Wet Earth,terminator,30,32279.41851232023,2.335818873885101,155.65245654674973,3.653777339176723e-10,0.0003833074611251943,0.009129627049449947
Locked Wet Earth,terminator,31,33053.92884500486,2.082961666161724,152.8804732381098,2.0567068903517488e-10,0.0003833074611251943,0.007192481494126296
Locked Wet Earth,antistellar,0,0.0,72.63998372804875,261.39502514030124,8.278845753963204e-06,0.0003833074611251943,0.045502408654773896
Locked Wet Earth,antistellar,1,1294.0699872777568,64.77655576285049,254.1090135695778,8.278845753963204e-06,0.0003833074611251943,0.045502408654773896
Locked Wet Earth,antistellar,2,2552.0696289337084,57.76436008310201,247.02608912562818,8.278845753963204e-06,0.0003833074611251943,0.045502408654773896
Locked Wet Earth,antistellar,3,3775.0043341389637,51.5112490393305,240.14059104595418,7.874599107843814e-06,0.0003833074611251943,0.045502408654773896
Locked Wet Earth,antistellar,4,4963.864910050404,45.93505015505465,233.4523632536333,4.529772968241993e-06,0.0003833074611251943,0.045502408654773896
Locked Wet Earth,antistellar,5,6119.6091178873085,40.96248629374741,226.94839768882295,2.546227514351384e-06,0.0003833074611251943,0.045502408654773896
Locked Wet Earth,antistellar,6,7243.151257084108,36.52821271995078,220.6243890312279,1.3978534325801297e-06,0.0003833074611251943,0.045502408654773896
Locked Wet Earth,antistellar,7,8335.383562023826,32.573958400509646,214.47585279593582,7.490803276986851e-07,0.0003833074611251943,0.045502408654773896
Locked Wet Earth,antistellar,8,9397.17556328463,29.04776026171703,208.49822920965212,3.9160265898660253e-07,0.0003833074611251943,0.045502408654773896
Locked Wet Earth,antistellar,9,10429.373890780756,25.90328033970183,202.68695536694227,1.995962150248931e-07,0.0003833074611251943,0.045502408654773896
Locked Wet Earth,antistellar,10,11432.802378666069,23.09919685069451,197.03751328376177,9.912404336304688e-08,0.0003833074611251943,0.045502408654773896
Locked Wet Earth,antistellar,11,12408.262367496314,20.598661179191698,191.54546042363827,4.7934539516324564e-08,0.0003833074611251943,0.0397832776023056
Locked Wet Earth,antistellar,12,13363.62518180626,18.36881364827113,189.03162895468432,3.5946473339344346e-08,0.0003833074611251943,0.036147001261670475
Locked Wet Earth,antistellar,13,14306.332990343462,16.380351708768295,186.5042287670214,2.658717264269836e-08,0.0003833074611251943,0.03261874200480085
Locked Wet Earth,antistellar,14,15236.302544360175,14.607144872864568,183.95723443507796,1.9362224442369267e-08,0.0003833074611251943,0.029208377062152666
Locked Wet Earth,antistellar,15,16153.418608042,13.02589133190826,181.38392905812304,1.3856014738785753e-08,0.0003833074611251943,0.02592693770763757
Locked Wet Earth,antistellar,16,17057.530286653666,11.61581174606428,178.77682449550053,9.72085809068308e-09,0.0003833074611251943,0.0227867020977992
Locked Wet Earth,antistellar,17,17948.4469956252,10.358376181865351,176.12759809687958,6.667476838182974e-09,0.0003833074611251943,0.019801248769922175
Locked Wet Earth,antistellar,18,18825.934209617433,9.237060609336224,173.4270683248721,4.4566952706030436e-09,0.0003833074611251943,0.016985433375692183
Locked Wet Earth,antistellar,19,19689.709279289636,8.23712975880605,170.6652461021322,2.8922260262884637e-09,0.0003833074611251943,0.014355231000835378
Locked Wet Earth,antistellar,20,20539.437839065078,7.345443483918418,167.8315188934311,1.8144356068083363e-09,0.0003833074611251943,0.01192736070276027
Locked Wet Earth,antistellar,21,21374.73167700925,6.550284086244652,164.91504906887326,1.0949812651729664e-09,0.0003833074611251943,0.009718582285877875
Locked Wet Earth,antistellar,22,22195.14940153329,5.841202332363693,161.9054896803462,6.322101879502905e-10,0.0003833074611251943,0.007744541525629353
Locked Wet Earth,antistellar,23,23000.201756047187,5.208880139910419,158.7941202362965,3.472015611720748e-10,0.0003833074611251943,0.006018067990168562
Locked Wet Earth,antistellar,24,23789.36379960034,4.645008128142313,155.57544605275942,1.80313518489418e-10,0.0003833074611251943,0.004546944781317133
Locked Wet Earth,antistellar,25,24562.0959786524,4.142176423909654,152.249140761433,8.807892664272243e-11,0.0003833074611251943,0.0033314144624364437
Locked Wet Earth,antistellar,26,25317.874795646912,3.6937772881045197,148.82192677150178,4.029771867609855e-11,0.0003833074611251943,0.0023620390717010173
Locked Wet Earth,antistellar,27,26056.230973052923,3.293918282997397,145.30868069269192,1.7226798659754114e-11,0.0003833074611251943,0.001618822188644905
Locked Wet Earth,antistellar,28,26776.789262100454,2.9373448393885693,141.73198309032068,6.87953539669855e-12,0.0003833074611251943,0.0010724041513731418
Locked Wet Earth,antistellar,29,27479.30125524813,2.6193712060249923,138.1197817060957,2.571578954202275e-12,0.0003833074611251943,0.0006874361874190977
Locked Wet Earth,antistellar,30,28163.663108785186,2.335818873885101,134.50171705802703,9.029829941110605e-13,0.0003833074611251943,0.000427203103674714
Locked Wet Earth,antistellar,31,28829.9146080934,2.082961666161724,130.90536452679657,2.991378548543841e-13,0.0003833074611251943,0.0002579475358215042
Desert World,equator,0,0.0,0.36263997682606564,345.7901996163612,0.09635266346283985,0.0009924677202106753,0.15778153975212328
Desert World,equator,1,246.15726758643373,0.35093590548604375,341.9629936597071,0.09635266346283985,0.0009924677202106753,0.15778153975212328
Desert World,equator,2,489.5900665157882,0.33960957872655934,338.17814721888334,0.09635266346283985,0.0009924677202106753,0.15778153975212328
Desert World,equator,3,730.3285512073719,0.3286488049807655,334.4351914587655,0.09635266346283985,0.0009924677202106753,0.15778153975212328
Desert World,equator,4,968.4025423313843,0.3180417861601329,330.73366273329606,0.09635266346283985,0.0009924677202106753,0.15778153975212328
Desert World,equator,5,1203.8415305028386,0.30777710495508315,327.0731025280524,0.09635266346283985,0.0009924677202106753,0.15778153975212328
Desert World,equator,6,1436.6746799346247,0.2978437125454882,323.45305740344935,0.09635266346283985,0.0009924677202106753,0.15778153975212328
Desert World,equator,7,1666.9308320501161,0.28823091670780987,319.87307893857127,0.09635266346283985,0.0009924677202106753,0.15778153975212328
Desert World,equator,8,1894.6385090558144,0.27892837030607615,316.33272367562506,0.09635266346283985,0.0009924677202106753,0.15778153975212328
Desert World,equator,9,2119.8259174744376,0.26992606015430765,312.8315530650087,0.09635266346283985,0.0009924677202106753,0.15778153975212328
Desert World,equator,10,2342.520951638903,0.2612142962384051,309.36913341098705,0.09635266346283985,0.0009924677202106753,0.15778153975212328
Desert World,equator,11,2562.751197147656,0.2527837012858958,305.9450358179694,0.09635266346283985,0.0009924677202106753,0.15778153975212328
Desert World,equator,12,2780.5439342817294,0.24462520067231353,302.55883613738166,0.09635266346283985,0.0009924677202106753,0.15778153975212328
Desert World,equator,13,2995.926141384008,0.23673001265334567,299.210114915126,0.09635266346283985,0.0009924677202106753,0.15778153975212328
Desert World,equator,14,3208.924498201076,0.2290896389122344,295.8984573396226,0.09635266346283985,0.0009924677202106753,0.15778153975212328
Desert World,equator,15,3419.5653891880747,0.2216958554122573,292.6234531904264,0.09635266346283985,0.0009924677202106753,0.15778153975212328
Desert World,equator,16,3627.8749067770004,0.21454070354443996,289.38469678741205,0.08747469837421055,0.0009924677202106753,0.15778153975212328
Desert World,equator,17,3834.7656602375628,0.20761648156097404,288.6594850762455,0.08629432154152604,0.0009924677202106753,0.15778153975212328
Desert World,equator,18,4041.137641831317,0.20091573628511752,287.93526971390986,0.08511284221034233,0.0009924677202106753,0.15778153975212328
Desert World,equator,19,4246.991544142554,0.1944312550886555,287.21199305451864,0.08393034759612594,0.0009924677202106753,0.15778153975212328
Desert World,equator,20,4452.328018002414,0.18815605812828534,286.48959608738545,0.08274692615870848,0.0009924677202106753,0.15778153975212328
Desert World,equator,21,4657.14767148485,0.18208339083256955,285.7680183613935,0.08156266765225624,0.0009924677202106753,0.15778153975212328
Desert World,equator,22,4861.4510688468645,0.1762067166313696,285.0471979049186,0.08037766317850636,0.0009924677202106753,0.15778153975212328
Desert World,equator,23,5065.238729409719,0.17051970991993431,284.32707114098406,0.07919200524348628,0.0009924677202106753,0.15778153975212328
Desert World,equator,24,5268.511126377573,0.16501624925007,283.60757279729825,0.07800578781796864,0.0009924677202106753,0.15778153975212328
Desert World,equator,25,5471.26868558976,0.15969041074106302,282.88863581079625,0.07681910640191358,0.0009924677202106753,0.15778153975212328
Desert World,equator,26,5673.511784202621,0.1545364617032622,282.1701912262752,0.07563205809319241,0.0009924677202106753,0.15778153975212328
Desert World,equator,27,5875.240749296494,0.14954885446745803,281.452168088677,0.07444474166088699,0.0009924677202106753,0.15778153975212328
Desert World,equator,28,6076.455856403167,0.14472222041341604,280.73449332853403,0.07325725762351488,0.0009924677202106753,0.15778153975212328
Desert World,equator,29,6277.157327948674,0.14005136419113742,280.0170916400502,0.07206970833252697,0.0009924677202106753,0.15778153975212328
Desert World,equator,30,6477.345331605991,0.1355312581286261,279.2998853512435,0.0708821980614827,0.0009924677202106753,0.15778153975212328
Desert World,equator,31,6677.0199785517025,0.13115703682014307,278.58279428552424,0.0696948331013221,0.0009924677202106753,0.15778153975212328
Desert World,midlatitude,0,0.0,0.36263997682606564,326.8755494471647,0.04088111684682179,0.0009924677202106753,0.15778153975212328
Desert World,midlatitude,1,232.6925175496534,0.35093590548604375,323.2576908400766,0.04088111684682179,0.0009924677202106753,0.15778153975212328
Desert World,midlatitude,2,462.8095942966976,0.33960957872655934,319.6798746923373,0.04088111684682179,0.0009924677202106753,0.15778153975212328
Desert World,midlatitude,3,690.3797352201362,0.3286488049807655,316.14165781400374,0.04088111684682179,0.0009924677202106753,0.15778153975212328
Desert World,midlatitude,4,915.431129805869,0.3180417861601329,312.64260192035886,0.04088111684682179,0.0009924677202106753,0.15778153975212328
Desert World,midlatitude,5,1137.9916555385576,0.30777710495508315,309.18227357762106,0.04088111684682179,0.0009924677202106753,0.15778153975212328
Desert World,midlatitude,6,1358.0888813548668,0.2978437125454882,305.7602441492539,0.04088111684682179,0.0009924677202106753,0.15778153975212328
Desert World,midlatitude,7,1575.750071058463,0.28823091670780987,302.3760897428701,0.04088111684682179,0.0009924677202106753,0.15778153975212328
Desert World,midlatitude,8,1791.0021866972354,0.27892837030607615,299.0293911577233,0.04088111684682179,0.0009924677202106753,0.15778153975212328
Desert World,midlatitude,9,2003.871891903125,0.26992606015430765,295.7197338327811,0.04088111684682179,0.0009924677202106753,0.15778153975212328
Desert World,midlatitude,10,2214.3855551949882,0.2612142962384051,292.44670779537273,0.04088111684682179,0.0009924677202106753,0.15778153975212328
Desert World,midlatitude,11,2422.5692532449184,0.2527837012858958,289.2099076104048,0.04088111684682179,0.0009924677202106753,0.15778153975212328
Desert World,midlatitude,12,2628.4487741083944,0.24462520067231353,286.0089323301396,0.04088111684682179,0.0009924677202106753,0.15778153975212328
Desert World,midlatitude,13,2832.0496204186993,0.23673001265334567,282.84338544452913,0.04088111684682179,0.0009924677202106753,0.15778153975212328
Desert World,midlatitude,14,3033.3970125459687,0.2290896389122344,279.7128748320985,0.04088111684682179,0.0009924677202106753,0.15778153975212328
Desert World,midlatitude,15,3232.5158917212757,0.2216958554122573,276.61701271137343,0.03592677129522307,0.0009924677202106753,0.15778153975212328
Desert World,midlatitude,16,3430.2013242175685,0.21454070354443996,275.7078842805292,0.03480789186836018,0.0009924677202106753,0.15778153975212328
Desert World,midlatitude,17,3627.234006032254,0.20761648156097404,274.79325438772315,0.03369440060034269,0.0009924677202106753,0.15778153975212328
Desert World,midlatitude,18,3823.6098549989565,0.20091573628511752,273.87272055337974,0.032586640779267616,0.0009924677202106753,0.15778153975212328
Desert World,midlatitude,19,4019.324491683784,0.1944312550886555,272.94585470396845,0.03148497342931038,0.0009924677202106753,0.15778153975212328
Desert World,midlatitude,20,4214.373220296886,0.18815605812828534,272.01220102759606,0.030389778715761068,0.0009924677202106753,0.15778153975212328
Desert World,midlatitude,21,4408.751007996281,0.18208339083256955,271.0712736264906,0.029301457477988065,0.0009924677202106753,0.15778153975212328
Desert World,midlatitude,22,4602.452462431578,0.1762067166313696,270.1225539468394,0.028220432901899815,0.0009924677202106753,0.15778153975212328
Desert World,midlatitude,23,4795.471807360727,0.17051970991993431,269.16548796508505,0.027147152344129066,0.0009924677202106753,0.15778153975212328
Desert World,midlatitude,24,4987.802856157559,0.16501624925007,268.1994831085768,0.026082089320692992,0.0009924677202106753,0.15778153975212328
Desert World,midlatitude,25,5179.438983011705,0.15969041074106302,267.2239048875459,0.02502574567317102,0.0009924677202106753,0.15778153975212328
Desert World,midlatitude,26,5370.373091605867,0.1545364617032622,266.2380732149049,0.023978653925402903,0.0009924677202106753,0.15778153975212328
Desert World,midlatitude,27,5560.597581038607,0.14954885446745803,265.241258390608,0.022941379843140878,0.0009924677202106753,0.15778153975212328
Desert World,midlatitude,28,5750.104308744726,0.14472222041341604,264.23267672860277,0.021914525207804746,0.0009924677202106753,0.15778153975212328
Desert World,midlatitude,29,5938.8845501504775,0.14005136419113742,263.2114858072179,0.020898730813142294,0.0009924677202106753,0.15778153975212328
Desert World,midlatitude,30,6126.928954789033,0.1355312581286261,262.17677932881907,0.019894679689818725,0.0009924677202106753,0.15778153975212328
Desert World,midlatitude,31,6314.2274985942795,0.13115703682014307,261.12758158258464,0.018903100557182164,0.0009924677202106753,0.15778153975212328
Desert World,pole,0,0.0,0.36263997682606564,277.7600772905924,0.002341392196581297,0.0009924677202106753,0.15778153975212328
Desert World,pole,1,197.72874345862107,0.35093590548604375,274.6858287332109,0.002341392196581297,0.0009924677202106753,0.15778153975212328
Desert World,pole,2,393.2690251690327,0.33960957872655934,271.6456059591052,0.002341392196581297,0.0009924677202106753,0.15778153975212328
Desert World,pole,3,586.6450670260342,0.3286488049807655,268.6390323709033,0.002341392196581297,0.0009924677202106753,0.15778153975212328
Desert World,pole,4,777.8808228364966,0.3180417861601329,265.665735539413,0.002341392196581297,0.0009924677202106753,0.15778153975212328
Desert World,pole,5,966.9999812865494,0.30777710495508315,262.7253471574884,0.002341392196581297,0.0009924677202106753,0.15778153975212328
Desert World,pole,6,1154.0259688759472,0.2978437125454882,259.81750299440705,0.002341392196581297,0.0009924677202106753,0.15778153975212328
Desert World,pole,7,1338.9819528199387,0.28823091670780987,256.94184285075227,0.002341392196581297,0.0009924677202106753,0.15778153975212328
Desert World,pole,8,1521.8908439190357,0.27892837030607615,254.0980105137945,0.002341392196581297,0.0009924677202106753,0.15778153975212328
Desert World,pole,9,1702.7752993970084,0.26992606015430765,251.28565371336668,0.002341392196581297,0.0009924677202106753,0.15778153975212328
Desert World,pole,10,1881.657725707469,0.2612142962384051,248.50442407822808,0.002341392196581297,0.0009924677202106753,0.15778153975212328
Desert World,pole,11,2058.5602813094033,0.2527837012858958,245.75397709291073,0.002341392196581297,0.0009924677202106753,0.15778153975212328
Desert World,pole,12,2233.504879411968,0.24462520067231353,243.03397205504402,0.0020982693665492357,0.0009924677202106753,0.15778153975212328
Desert World,pole,13,2406.7308388219985,0.23673001265334567,240.9521718873707,0.001778682821708648,0.0009924677202106753,0.15778153975212328
Desert World,pole,14,2578.45040275929,0.2290896389122344,238.82516560024268,0.0014954104196599797,0.0009924677202106753,0.15778153975212328
Desert World,pole,15,2748.632382107561,0.2216958554122573,236.65622433563675,0.0012468954521498027,0.0009924677202106753,0.15778153975212328
Desert World,pole,16,2917.248202439343,0.21454070354443996,234.44938228362184,0.0010311592875816167,0.0009924677202106753,0.15778153975212328
Desert World,pole,17,3084.2724099801717,0.20761648156097404,232.20932422917593,0.0008458633532816023,0.0009924677202106753,0.15778153975212328
Desert World,pole,18,3249.6830808561153,0.20091573628511752,229.94122778295076,0.0006883942793256906,0.0009924677202106753,0.15778153975212328
Desert World,pole,19,3413.462106360855,0.1944312550886555,227.65057475432832,0.0005559642181204219,0.0009924677202106753,0.15778153975212328
Desert World,pole,20,3575.5953389417837,0.18815605812828534,225.34295063305632,0.0004457162908184849,0.0009924677202106753,0.15778153975212328
Desert World,pole,21,3736.072597500704,0.18208339083256955,223.02385203845907,0.00035482494419196756,0.0009924677202106753,0.15778153975212328
Desert World,pole,22,3894.8875438256764,0.1762067166313696,220.69851921598587,0.0002805826649790413,0.0009924677202106753,0.15778153975212328
Desert World,pole,23,4052.0374522492225,0.17051970991993431,218.37180521953013,0.00022046741502767807,0.0009924677202106753,0.15778153975212328
Desert World,pole,24,4207.5229006341215,0.16501624925007,216.04808692168524,0.0001721884871724936,0.0009924677202106753,0.15778153975212328
Desert World,pole,25,4361.347412329315,0.15969041074106302,213.73121701600735,0.00013371146570265204,0.0009924677202106753,0.15778153975212328
Desert World,pole,26,4513.517076565077,0.1545364617032622,211.4245117749127,0.00010326511397143116,0.0009924677202106753,0.15778153975212328
Desert World,pole,27,4664.0401701342125,0.14954885446745803,209.13076688495931,7.93341538162773e-05,0.0009924677202106753,0.15778153975212328
Desert World,pole,28,4812.926797471792,0.14472222041341604,206.85229301624548,6.064216512319548e-05,0.0009924677202106753,0.15778153975212328
Desert World,pole,29,4960.1885604949575,0.14005136419113742,204.59096340145402,4.6128477689345134e-05,0.0009924677202106753,0.15778153975212328
Desert World,pole,30,5105.838264515073,0.1355312581286261,202.34826704143967,3.492223256684494e-05,0.0009924677202106753,0.15778153975212328
Desert World,pole,31,5249.889662535193,0.13115703682014307,200.12536274660545,2.631598655230333e-05,0.0009924677202106753,0.15778153975212328
